ctuid,refYear,dwellingtype,bedroomtype, RentalUnitAmount , PopulationAmount , AverageRent , ConstructedBefore1960 , Constructed1960to1979 , Constructed1980to1999 , ConstructedAfter2000 
0001.01,2018,1,0, 15 , 25 , 705 , -   , 9 , 6 , -   
0001.01,2018,1,1, 815 ," 1,089 ", 777 , 154 , 427 , 189 , 45 
0001.01,2018,1,2, 554 ," 1,286 "," 1,271 ", 35 , 252 , 192 , 76 
0001.01,2018,1,3, 10 , 56 ," 1,172 ", -   , 5 , -   , 5 
0001.01,2018,2,1, 35 , 167 , 832 , -   , 12 , 23 , -   
0001.01,2018,2,2, 135 , 294 , 919 , 25 , 50 , 50 , 10 
0001.01,2018,2,3, 635 ," 2,482 "," 1,231 ", 55 , 315 , 200 , 65 
0001.01,2018,3,3, 10 , 25 ," 1,417 ", 4 , 4 , 2 , 1 
0001.01,2018,4,2, 10 , 15 ," 1,196 ", 10 , -   , -   , -   
0001.01,2018,4,3, 53 , 177 ," 1,436 ", 8 , 31 , 8 , 8 
0001.04,2018,1,1, 10 , 15 ," 1,085 ", -   , -   , 10 , -   
0001.04,2018,1,2, 35 , 86 ," 1,216 ", -   , 35 , -   , -   
0001.04,2018,1,3, 10 , 30 ," 1,048 ", -   , 10 , -   , -   
0001.04,2018,2,2, 10 , 10 ," 1,282 ", -   , -   , 10 , -   
0001.04,2018,2,3, 135 , 415 ," 1,449 ", 10 , 82 , 43 , -   
0001.04,2018,3,3, 15 , 56 ," 1,078 ", 15 , -   , -   , -   
0001.04,2018,4,2, 10 , 15 ," 1,008 ", -   , 10 , -   , -   
0001.04,2018,4,3, 8 , 35 ," 1,387 ", -   , 10 , -   , -   
0001.05,2018,2,0, 10 , 10 , 865 , -   , 10 , -   , -   
0001.05,2018,2,1, 10 , 35 , 982 , -   , -   , -   , 10 
0001.05,2018,2,2, 110 , 299 ," 1,120 ", -   , 42 , 58 , 10 
0001.05,2018,2,3, 265 , 998 ," 1,563 ", -   , 46 , 163 , 56 
0001.05,2018,3,3, 20 , 66 ," 1,163 ", 7 , 7 , 3 , 2 
0001.05,2018,4,3, 9 , 81 ," 1,667 ", 3 , 3 , 2 , 1 
0001.06,2018,1,1, 34 , 51 ," 1,055 ", -   , 9 , 26 , -   
0001.06,2018,1,2, 205 , 390 ," 1,260 ", 10 , 54 , 132 , 10 
0001.06,2018,2,1, 10 , 10 , 894 , -   , 10 , -   , -   
0001.06,2018,2,2, 195 , 486 ," 1,134 ", 10 , 62 , 123 , -   
0001.06,2018,2,3, 245 , 861 ," 1,397 ", 10 , 40 , 175 , 20 
0001.07,2018,1,0, 10 , 11 , 920 , -   , -   , 10 , -   
0001.07,2018,1,1, 10 , 15 ," 1,131 ", 2 , 5 , 2 , 1 
0001.07,2018,1,2, 105 , 218 ," 1,306 ", -   , 10 , 76 , 19 
0001.07,2018,2,1, 15 , 20 , 674 , -   , -   , 15 , -   
0001.07,2018,2,2, 150 , 339 , 680 , -   , 57 , 93 , -   
0001.07,2018,2,3, 125 , 537 ," 1,180 ", -   , 19 , 106 , -   
0001.07,2018,4,3, 7 , 101 ," 1,670 ", -   , -   , 5 , 5 
0001.08,2018,1,2, 20 , 15 ," 1,189 ", -   , -   , -   , 20 
0001.08,2018,1,3, 10 , 20 ," 1,439 ", -   , -   , -   , 10 
0001.08,2018,2,1, 15 , 20 , 970 , -   , 8 , 8 , -   
0001.08,2018,2,2, 60 , 142 , 996 , -   , 17 , 34 , 9 
0001.08,2018,2,3, 175 , 684 ," 1,533 ", 10 , 25 , 140 , -   
0001.08,2018,4,3, 33 , 187 ," 1,596 ", -   , -   , 34 , -   
0002.01,2018,1,1, 10 , 10 ," 1,048 ", 2 , 5 , 2 , 1 
0002.01,2018,2,3, 10 , 35 , 846 , -   , 10 , -   , -   
0002.01,2018,4,3, 50 , 132 ," 1,614 ", 10 , 30 , 10 , -   
0002.02,2018,1,1, 10 , 10 ," 1,111 ", 2 , 5 , 2 , 1 
0002.02,2018,1,2, 10 , 15 ," 1,226 ", -   , -   , -   , 10 
0002.02,2018,2,3, 220 , 699 ," 1,412 ", 14 , 120 , 77 , 10 
0002.02,2018,4,2, 10 , 10 ," 1,112 ", -   , -   , 10 , -   
0002.04,2018,1,2, 25 , 30 ," 2,011 ", -   , -   , 10 , 15 
0002.04,2018,2,3, 20 , 86 ," 1,200 ", -   , -   , 13 , 7 
0002.05,2018,1,1, 325 , 436 , 893 , 26 , 181 , 119 , -   
0002.05,2018,1,2, 130 , 344 ," 1,097 ", 15 , 70 , 35 , 10 
0002.05,2018,1,3, 30 , 101 , 690 , -   , 13 , 17 , -   
0002.05,2018,2,1, 25 , 111 , 615 , -   , -   , 12 , 12 
0002.05,2018,2,2, 115 , 299 ," 1,081 ", 10 , 58 , 37 , 10 
0002.05,2018,2,3, 437 ," 1,707 "," 1,358 ", 25 , 228 , 177 , 10 
0002.05,2018,3,3, 10 , 30 ," 1,034 ", 4 , 4 , 2 , 1 
0002.05,2018,4,3, 10 , 56 ," 1,926 ", -   , -   , 5 , 5 
0002.06,2018,2,1, 10 , 17 , 991 , 3 , 3 , 3 , 1 
0002.06,2018,2,2, 20 , 20 ," 1,111 ", -   , 12 , 8 , -   
0002.06,2018,2,3, 89 , 284 ," 1,529 ", 8 , 49 , 25 , 8 
0002.06,2018,3,3, 10 , 51 ," 1,133 ", -   , 10 , -   , -   
0002.06,2018,4,3, 10 , 51 ," 1,773 ", -   , -   , 10 , -   
0003.00,2018,1,0, 25 , 25 , 884 , -   , 12 , 12 , -   
0003.00,2018,1,1, 360 , 461 ," 1,012 ", 40 , 255 , 50 , 15 
0003.00,2018,1,2, 300 , 714 ," 1,250 ", 41 , 222 , 36 , -   
0003.00,2018,1,3, 85 , 284 ," 1,312 ", 9 , 58 , 9 , 9 
0003.00,2018,2,2, 10 , 20 ," 1,466 ", -   , 10 , -   , -   
0003.00,2018,2,3, 20 , 61 ," 1,524 ", -   , 20 , -   , -   
0003.00,2018,3,3, 45 , 127 ," 1,727 ", -   , 35 , 10 , -   
0003.00,2018,4,3, 53 , 187 ," 1,499 ", 8 , 20 , 20 , 8 
0004.00,2018,1,0, -   , -   , 684 , null , null , null , -   
0004.00,2018,1,1, 405 , 476 , 690 , 89 , 242 , 64 , 10 
0004.00,2018,1,2, 341 , 709 ," 1,156 ", 66 , 142 , 117 , 16 
0004.00,2018,1,3, 80 , 198 ," 1,210 ", -   , 51 , 29 , -   
0004.00,2018,2,2, 10 , 10 ," 1,397 ", 1 , 3 , 4 , 2 
0004.00,2018,2,3, 15 , 61 ," 1,295 ", -   , -   , -   , 15 
0004.00,2018,3,3, 90 , 304 ," 1,442 ", 33 , 38 , 19 , -   
0004.00,2018,4,2, 10 , 30 ," 1,056 ", 4 , 3 , 1 , 1 
0004.00,2018,4,3, 30 , 71 ," 1,456 ", 17 , 17 , -   , -   
0005.00,2018,1,0, 10 , 10 , 769 , -   , -   , -   , 10 
0005.00,2018,1,1, 510 , 684 ," 1,007 ", 50 , 215 , 200 , 45 
0005.00,2018,1,2, 420 , 957 ," 1,127 ", 60 , 155 , 160 , 45 
0005.00,2018,1,3, 20 , 46 ," 1,047 ", -   , 10 , 10 , -   
0005.00,2018,2,3, 40 , 198 ," 1,774 ", -   , -   , -   , 40 
0005.00,2018,3,3, 70 , 198 ," 1,224 ", 16 , 43 , -   , 11 
0005.00,2018,4,1, 9 , 20 , 902 , -   , -   , -   , 9 
0005.00,2018,4,2, 15 , 25 ," 1,432 ", 8 , 8 , -   , -   
0005.00,2018,4,3, 93 , 233 ," 1,682 ", 59 , 27 , -   , 9 
0006.00,2018,1,1, 25 , 25 ," 1,287 ", -   , -   , 25 , -   
0006.00,2018,1,2, 10 , 10 ," 1,601 ", -   , -   , 10 , -   
0006.00,2018,1,3, 15 , 46 ," 1,786 ", 15 , -   , -   , -   
0006.00,2018,4,2, 20 , 46 ," 1,311 ", 10 , 10 , -   , -   
0006.00,2018,4,3, 75 , 198 ," 2,026 ", 28 , 28 , 19 , -   
0007.01,2018,1,1, 290 , 380 ," 1,075 ", 20 , 215 , 55 , -   
0007.01,2018,1,2, 165 , 324 ," 1,223 ", -   , 124 , 41 , -   
0007.01,2018,1,3, 30 , 46 ," 1,610 ", -   , 30 , -   , -   
0007.01,2018,3,3, 10 , 20 ," 1,437 ", -   , 10 , -   , -   
0007.01,2018,4,3, 19 , 81 ," 1,839 ", -   , 19 , -   , -   
0007.02,2018,1,0, 10 , 30 , 768 , -   , -   , 10 , -   
0007.02,2018,1,1, 345 , 547 , 996 , 30 , 170 , 120 , 25 
0007.02,2018,1,2, 655 ," 1,804 "," 1,121 ", 76 , 317 , 212 , 50 
0007.02,2018,1,3, 45 , 228 , 981 , 10 , 15 , 20 , -   
0007.02,2018,2,2, 120 , 355 ," 1,204 ", 26 , 47 , 47 , -   
0007.02,2018,2,3, 280 ," 1,287 "," 1,453 ", 50 , 140 , 65 , 25 
0007.03,2018,1,1, 40 , 56 ," 1,005 ", 9 , 22 , -   , 9 
0007.03,2018,1,2, 65 , 111 ," 1,198 ", 9 , 48 , 9 , -   
0007.03,2018,2,1, 10 , 41 , 966 , -   , 10 , -   , -   
0007.03,2018,2,3, 50 , 213 ," 1,565 ", 22 , 28 , -   , -   
0007.03,2018,3,3, 15 , 46 ," 1,153 ", -   , 15 , -   , -   
0007.03,2018,4,3, 69 , 198 ," 1,631 ", 9 , 61 , -   , -   
0008.00,2018,1,1, 300 , 380 ," 1,086 ", 60 , 205 , 35 , -   
0008.00,2018,1,2, 350 , 679 ," 1,285 ", 46 , 259 , 46 , -   
0008.00,2018,1,3, 135 , 324 ," 1,489 ", 10 , 110 , 15 , -   
0008.00,2018,2,2, 10 , 30 ," 1,228 ", -   , 5 , 5 , -   
0008.00,2018,2,3, 60 , 233 ," 1,273 ", 12 , 48 , -   , -   
0008.00,2018,3,3, 20 , 46 , 852 , 20 , -   , -   , -   
0008.00,2018,4,1, 10 , 15 , 780 , 10 , -   , -   , -   
0008.00,2018,4,2, 25 , 56 ," 1,261 ", 8 , 17 , -   , -   
0008.00,2018,4,3, 84 , 253 ," 1,449 ", 19 , 56 , 9 , -   
0009.00,2018,1,0, 10 , 10 , 775 , 3 , 5 , 2 , 1 
0009.00,2018,1,1, 135 , 172 ," 1,048 ", 20 , 85 , 30 , -   
0009.00,2018,1,2, 199 , 385 ," 1,106 ", 15 , 139 , 45 , -   
0009.00,2018,3,3, 10 , 30 ," 1,370 ", 10 , -   , -   , -   
0009.00,2018,4,2, 10 , 25 ," 1,262 ", -   , 10 , -   , -   
0009.00,2018,4,3, 44 , 167 ," 1,471 ", 25 , 20 , -   , -   
0010.00,2018,1,0, 20 , 20 , 600 , 10 , 10 , -   , -   
0010.00,2018,1,1, 635 , 841 , 720 , 71 , 454 , 111 , -   
0010.00,2018,1,2, 235 , 532 ," 1,080 ", 26 , 138 , 72 , -   
0010.00,2018,1,3, 10 , 61 ," 1,419 ", -   , 10 , -   , -   
0010.00,2018,2,2, 25 , 56 , 685 , 10 , -   , 15 , -   
0010.00,2018,2,3, 175 , 831 , 827 , 39 , 73 , 53 , 10 
0010.00,2018,3,1, 10 , 10 , 823 , 4 , 3 , 2 , 1 
0010.00,2018,3,3, 25 , 81 ," 1,320 ", -   , 25 , -   , -   
0010.00,2018,4,1, 10 , 10 , 708 , 4 , 3 , 2 , 1 
0010.00,2018,4,3, 24 , 81 ," 1,332 ", 8 , 8 , 8 , -   
0011.01,2018,1,0, 10 , 10 , 834 , -   , 10 , -   , -   
0011.01,2018,1,1, 649 , 811 , 973 , 55 , 355 , 165 , 80 
0011.01,2018,1,2, 423 , 836 ," 1,382 ", 24 , 191 , 122 , 88 
0011.01,2018,1,3, 70 , 162 ," 1,137 ", 22 , 38 , 11 , -   
0011.01,2018,2,2, 25 , 46 ," 1,698 ", 10 , -   , -   , 15 
0011.01,2018,2,3, 260 ," 1,059 "," 1,253 ", 36 , 130 , 94 , -   
0011.01,2018,3,3, 20 , 71 ," 1,067 ", -   , 10 , 10 , -   
0011.01,2018,4,2, 30 , 66 ," 1,145 ", 15 , 15 , -   , -   
0011.01,2018,4,3, 45 , 117 ," 1,375 ", -   , 45 , -   , -   
0011.03,2018,1,0, 10 , 10 , 984 , -   , 5 , -   , 5 
0011.03,2018,1,1, 744 ," 1,049 "," 1,150 ", 50 , 434 , 215 , 45 
0011.03,2018,1,2, 714 ," 1,540 "," 1,488 ", 45 , 330 , 270 , 70 
0011.03,2018,1,3, 90 , 274 ," 1,703 ", -   , 45 , 25 , 20 
0011.03,2018,2,3, 9 , 35 ," 1,204 ", -   , -   , 10 , -   
0011.04,2018,1,1, 460 , 669 , 900 , 59 , 322 , 69 , 10 
0011.04,2018,1,2, 284 , 628 ," 1,070 ", 56 , 188 , 41 , -   
0011.04,2018,2,2, 25 , 76 ," 1,086 ", -   , -   , 12 , 12 
0011.04,2018,2,3, 140 , 426 ," 1,490 ", 14 , 29 , 53 , 43 
0011.04,2018,4,3, 50 , 127 ," 1,875 ", 41 , -   , 9 , -   
0012.00,2018,1,0, 70 , 77 , 241 , 15 , 40 , 15 , -   
0012.00,2018,1,1, 262 , 312 , 550 , 92 , 117 , 46 , 10 
0012.00,2018,1,2, 53 , 92 ," 1,298 ", 13 , 34 , 8 , -   
0012.00,2018,1,3, 59 , 184 , 969 , 9 , 42 , 9 , -   
0012.00,2018,2,3, 289 ," 1,108 "," 1,107 ", 107 , 148 , 25 , 10 
0012.00,2018,3,1, 10 , 10 , 847 , 4 , 3 , 2 , 1 
0012.00,2018,3,3, 220 , 935 ," 1,175 ", 123 , 87 , 10 , -   
0012.00,2018,4,1, 9 , 10 , 782 , 4 , 2 , 2 , 1 
0012.00,2018,4,2, 15 , 36 ," 1,467 ", -   , 8 , -   , 8 
0012.00,2018,4,3, 138 , 531 ," 1,252 ", 95 , 35 , -   , 10 
0013.00,2018,1,0, 90 , 61 , 290 , 35 , 20 , -   , 35 
0013.00,2018,1,1, 693 , 649 , 705 , 129 , 317 , 114 , 134 
0013.00,2018,1,2, 431 , 618 ," 1,265 ", 76 , 142 , 71 , 142 
0013.00,2018,1,3, 122 , 286 ," 1,421 ", 20 , 45 , 25 , 32 
0013.00,2018,2,2, 74 , 174 ," 1,329 ", 16 , 21 , 27 , 11 
0013.00,2018,2,3, 131 , 495 ," 1,206 ", 51 , 51 , 19 , 14 
0013.00,2018,3,1, 10 , 15 , 825 , -   , 10 , -   , -   
0013.00,2018,3,2, 10 , 36 ," 1,927 ", 10 , -   , -   , -   
0013.00,2018,3,3, 75 , 317 , 980 , 46 , 7 , 14 , 7 
0013.00,2018,4,1, 10 , 10 ," 1,211 ", -   , 10 , -   , -   
0013.00,2018,4,2, 25 , 51 ," 1,455 ", 12 , 12 , -   , -   
0013.00,2018,4,3, 54 , 117 ," 1,562 ", 31 , 8 , 15 , -   
0014.00,2018,1,0, 7 , 11 , 465 , -   , -   , 9 , -   
0014.00,2018,1,1, 239 , 286 , 525 , 40 , 50 , 149 , -   
0014.00,2018,1,2, 274 , 669 , 683 , 36 , 56 , 168 , 15 
0014.00,2018,1,3, 130 , 506 , 840 , 19 , 46 , 56 , 9 
0014.00,2018,2,2, 25 , 46 , 898 , -   , 10 , 15 , -   
0014.00,2018,2,3, 59 , 276 , 730 , -   , -   , 40 , 20 
0015.00,2018,1,0, 1 , 10 , 940 , null , null , null , -   
0015.00,2018,1,1, 815 ," 1,170 "," 1,149 ", 85 , 320 , 295 , 116 
0015.00,2018,1,2, 641 ," 1,339 "," 1,394 ", 95 , 235 , 215 , 96 
0015.00,2018,1,3, 97 , 261 ," 1,493 ", 33 , 9 , 14 , 40 
0015.00,2018,2,1, 10 , 10 ," 1,230 ", 10 , -   , -   , -   
0015.00,2018,2,2, 26 , 46 ," 1,746 ", -   , -   , 25 , 1 
0015.00,2018,2,3, 29 , 87 ," 1,835 ", 10 , -   , 13 , 7 
0015.00,2018,3,2, 10 , 15 ," 1,248 ", -   , 10 , -   , -   
0015.00,2018,3,3, 25 , 72 ," 1,911 ", 25 , -   , -   , -   
0015.00,2018,4,2, 9 , 10 ," 1,441 ", 4 , 3 , 1 , 1 
0015.00,2018,4,3, 40 , 97 ," 2,000 ", 13 , 27 , -   , -   
0016.00,2018,1,1, 89 , 118 , 663 , 21 , 58 , 11 , -   
0016.00,2018,1,2, 135 , 256 ," 1,322 ", 63 , 54 , 9 , 9 
0016.00,2018,1,3, 20 , 51 ," 2,013 ", 12 , 8 , -   , -   
0016.00,2018,2,3, 25 , 72 ," 1,787 ", -   , 25 , -   , -   
0016.00,2018,3,2, 10 , 10 ," 1,505 ", 4 , 3 , 1 , 2 
0016.00,2018,3,3, 10 , 15 ," 1,517 ", 10 , -   , -   , -   
0016.00,2018,4,2, 10 , 15 ," 1,549 ", 10 , -   , -   , -   
0016.00,2018,4,3, 47 , 138 ," 1,802 ", 33 , 16 , -   , -   
0017.00,2018,1,0, 17 , 15 ," 1,117 ", 8 , 8 , -   , 2 
0017.00,2018,1,1, 96 , 123 ," 1,215 ", 66 , 10 , 10 , 10 
0017.00,2018,1,2, 78 , 138 ," 1,440 ", 69 , 11 , -   , -   
0017.00,2018,1,3, 41 , 92 ," 2,288 ", -   , -   , 24 , 17 
0017.00,2018,2,2, 14 , 41 ," 1,798 ", -   , 14 , -   , -   
0017.00,2018,2,3, 18 , 31 ," 1,781 ", 2 , 7 , 7 , 4 
0017.00,2018,3,2, 10 , 20 ," 1,830 ", 10 , -   , -   , -   
0017.00,2018,3,3, 45 , 133 ," 1,968 ", 22 , 11 , -   , 11 
0017.00,2018,4,3, 74 , 261 ," 2,031 ", 66 , 9 , -   , -   
0018.00,2018,1,0, 33 , 36 ," 1,298 ", 19 , 14 , -   , -   
0018.00,2018,1,1, 447 , 598 ," 1,339 ", 253 , 134 , 20 , 40 
0018.00,2018,1,2, 369 , 634 ," 1,663 ", 225 , 100 , 15 , 30 
0018.00,2018,1,3, 69 , 184 ," 2,320 ", 40 , 10 , 10 , 10 
0018.00,2018,2,2, 14 , 15 ," 1,810 ", 2 , 5 , 5 , 3 
0018.00,2018,3,3, 10 , 41 ," 2,407 ", 10 , -   , -   , -   
0018.00,2018,4,1, 10 , 10 ," 1,299 ", 4 , 3 , 2 , 1 
0018.00,2018,4,3, 22 , 92 ," 2,208 ", 24 , -   , -   , -   
0018.00,2018,5,2, 10 , 10 ," 1,049 ", -   , -   , -   , 10 
0019.00,2018,1,0, 25 , 26 , 588 , 12 , 12 , -   , -   
0019.00,2018,1,1, 220 , 276 ," 1,010 ", 111 , 92 , 19 , -   
0019.00,2018,1,2, 180 , 383 ," 1,586 ", 105 , 20 , 20 , 35 
0019.00,2018,1,3, 66 , 148 ," 1,885 ", 45 , 10 , -   , 11 
0019.00,2018,2,2, 15 , 20 ," 1,114 ", 5 , 5 , 5 , -   
0019.00,2018,3,1, 10 , 10 ," 1,079 ", 4 , 3 , 2 , 1 
0019.00,2018,3,3, 45 , 123 ," 1,619 ", 32 , 13 , -   , -   
0019.00,2018,4,2, 20 , 51 ," 1,766 ", 20 , -   , -   , -   
0019.00,2018,4,3, 3 , 20 ," 2,020 ", 2 , 2 , 1 , 1 
0020.01,2018,1,0, 40 , 46 ," 1,152 ", 8 , 24 , 8 , -   
0020.01,2018,1,1, 590 , 820 ," 1,087 ", 61 , 388 , 131 , 10 
0020.01,2018,1,2, 330 , 653 ," 1,301 ", 15 , 230 , 75 , 10 
0020.01,2018,1,3, 98 , 197 ," 1,068 ", 16 , 72 , 11 , -   
0020.01,2018,2,2, 20 , 35 , 264 , 7 , 7 , 7 , -   
0020.01,2018,2,3, 245 , 881 ," 1,193 ", 36 , 146 , 52 , 10 
0020.01,2018,3,3, 40 , 127 ," 1,291 ", -   , 27 , 13 , -   
0020.01,2018,4,3, 30 , 137 ," 1,619 ", 8 , 19 , 8 , -   
0020.02,2018,1,2, 10 , 10 ," 1,565 ", 2 , 4 , 2 , 1 
0020.02,2018,1,3, 10 , 10 ," 1,650 ", 3 , 4 , 2 , 1 
0020.02,2018,2,3, 35 , 116 ," 1,136 ", 6 , 16 , 13 , -   
0020.02,2018,3,3, 10 , 41 , 839 , -   , -   , 10 , -   
0020.02,2018,4,2, 38 , 46 ," 1,128 ", 30 , 10 , -   , -   
0020.02,2018,4,3, 83 , 243 ," 2,021 ", 16 , 45 , 16 , 8 
0021.00,2018,1,0, 20 , 20 , 790 , -   , 20 , -   , -   
0021.00,2018,1,1, 740 , 992 ," 1,025 ", 130 , 455 , 135 , 20 
0021.00,2018,1,2, 344 , 709 ," 1,145 ", 101 , 157 , 71 , 15 
0021.00,2018,1,3, 85 , 233 ," 1,131 ", 32 , 42 , 11 , -   
0021.00,2018,2,1, 10 , 30 , 727 , 10 , -   , -   , -   
0021.00,2018,2,2, 25 , 56 ," 1,357 ", -   , 25 , -   , -   
0021.00,2018,2,3, 179 , 663 ," 1,021 ", 46 , 78 , 55 , -   
0021.00,2018,3,2, 10 , 10 ," 1,788 ", 10 , -   , -   , -   
0021.00,2018,3,3, 95 , 359 ," 1,159 ", 50 , 45 , -   , -   
0021.00,2018,4,1, 10 , 10 ," 1,027 ", 10 , -   , -   , -   
0021.00,2018,4,2, 35 , 76 ," 1,493 ", 35 , -   , -   , -   
0021.00,2018,4,3, 46 , 111 ," 1,475 ", 36 , 14 , -   , -   
0022.00,2018,1,0, 40 , 46 , 754 , 13 , 18 , 9 , -   
0022.00,2018,1,1, 913 ," 1,124 ", 688 , 249 , 484 , 160 , 20 
0022.00,2018,1,2, 674 ," 1,509 ", 979 , 167 , 401 , 91 , 15 
0022.00,2018,1,3, 38 , 132 , 895 , 8 , 13 , 8 , 8 
0022.00,2018,2,1, 10 , 25 , 614 , 3 , 3 , 3 , 1 
0022.00,2018,2,2, 10 , 20 , 818 , -   , 10 , -   , -   
0022.00,2018,2,3, 175 , 800 , 916 , 68 , 68 , 39 , -   
0022.00,2018,3,2, 25 , 56 ," 1,090 ", 8 , 8 , 8 , -   
0022.00,2018,3,3, 45 , 192 ," 1,467 ", 14 , 22 , 9 , -   
0022.00,2018,4,2, 10 , 20 ," 1,474 ", -   , 10 , -   , -   
0022.00,2018,4,3, 42 , 127 ," 1,345 ", 34 , 11 , -   , -   
0023.01,2018,1,0, 10 , 11 , 903 , 3 , 5 , 2 , 1 
0023.01,2018,1,1, 295 , 435 ," 1,051 ", 49 , 143 , 88 , 15 
0023.01,2018,1,2, 330 , 673 ," 1,286 ", 25 , 202 , 69 , 34 
0023.01,2018,1,3, 130 , 365 ," 1,231 ", 9 , 63 , 58 , -   
0023.01,2018,2,2, 80 , 177 ," 1,389 ", 27 , 44 , 9 , -   
0023.01,2018,2,3, 100 , 334 ," 1,618 ", 16 , 74 , 11 , -   
0023.01,2018,3,2, 10 , 15 ," 1,141 ", -   , 10 , -   , -   
0023.01,2018,3,3, 100 , 314 ," 1,354 ", 17 , 61 , 22 , -   
0023.01,2018,4,1, 10 , 10 , 822 , 10 , -   , -   , -   
0023.01,2018,4,2, 20 , 30 ," 1,380 ", -   , 20 , -   , -   
0023.01,2018,4,3, 18 , 106 ," 1,456 ", 10 , 10 , -   , -   
0023.02,2018,1,0, 10 , 10 ," 1,524 ", -   , 10 , -   , -   
0023.02,2018,1,1, 205 , 284 ," 1,244 ", -   , 82 , 31 , 92 
0023.02,2018,1,2, 84 , 147 ," 1,352 ", -   , 34 , 17 , 34 
0023.02,2018,2,2, 64 , 157 ," 1,609 ", -   , -   , 23 , 42 
0023.02,2018,2,3, 49 , 142 ," 1,518 ", -   , -   , 22 , 27 
0023.02,2018,4,2, 10 , 19 ," 1,886 ", 4 , 3 , 1 , 1 
0023.02,2018,4,3, 9 , 51 ," 1,966 ", -   , -   , -   , 9 
0024.00,2018,1,0, 20 , 20 , 824 , -   , 20 , -   , -   
0024.00,2018,1,1, 210 , 289 ," 1,064 ", 40 , 115 , 55 , -   
0024.00,2018,1,2, 160 , 324 ," 1,251 ", 15 , 110 , 35 , -   
0024.00,2018,1,3, 10 , 20 ," 1,283 ", 3 , 4 , 2 , 1 
0024.00,2018,2,3, 10 , 30 ," 1,404 ", 1 , 4 , 3 , 2 
0024.00,2018,3,1, 10 , 10 , 955 , 4 , 3 , 2 , 1 
0024.00,2018,4,3, 54 , 162 ," 1,456 ", 23 , 23 , 8 , -   
0025.00,2018,1,0, 10 , 15 , 859 , -   , 10 , -   , -   
0025.00,2018,1,1, 150 , 220 ," 1,078 ", 25 , 100 , 25 , -   
0025.00,2018,1,2, 125 , 215 ," 1,250 ", 47 , 57 , 10 , 10 
0025.00,2018,1,3, 54 , 128 ," 1,289 ", -   , 55 , -   , -   
0025.00,2018,2,3, 33 , 41 ," 1,371 ", -   , -   , 25 , 8 
0025.00,2018,3,1, 20 , 31 ," 1,084 ", -   , 10 , -   , 10 
0025.00,2018,3,2, 10 , 10 ," 1,384 ", 10 , -   , -   , -   
0025.00,2018,3,3, 40 , 128 ," 1,680 ", 10 , 20 , 10 , -   
0025.00,2018,4,3, 74 , 225 ," 1,743 ", 32 , 42 , -   , -   
0026.00,2018,1,1, 295 , 421 ," 1,105 ", 48 , 179 , 58 , 10 
0026.00,2018,1,2, 235 , 567 ," 1,186 ", 73 , 118 , 24 , 20 
0026.00,2018,1,3, 50 , 161 , 990 , 9 , 18 , 14 , 9 
0026.00,2018,2,1, 10 , 17 , 584 , -   , -   , 10 , -   
0026.00,2018,2,2, 25 , 50 , 775 , -   , 25 , -   , -   
0026.00,2018,2,3, 120 , 527 , 873 , 48 , 60 , 12 , -   
0026.00,2018,3,2, 10 , 15 ," 1,922 ", -   , 10 , -   , -   
0026.00,2018,3,3, 25 , 95 ," 1,229 ", 7 , 11 , 7 , -   
0026.00,2018,4,2, 14 , 40 ," 1,380 ", -   , 9 , 6 , -   
0026.00,2018,4,3, 115 , 296 ," 1,368 ", 52 , 63 , -   , -   
0027.00,2018,1,0, 20 , 25 , 899 , 8 , 12 , -   , -   
0027.00,2018,1,1, 400 , 532 ," 1,180 ", 35 , 272 , 74 , 20 
0027.00,2018,1,2, 280 , 577 ," 1,343 ", 25 , 147 , 88 , 20 
0027.00,2018,1,3, 29 , 85 ," 1,403 ", -   , 30 , -   , -   
0027.00,2018,2,1, 10 , 20 , 869 , -   , -   , -   , 10 
0027.00,2018,2,2, 150 , 306 ," 1,079 ", 21 , 103 , 26 , -   
0027.00,2018,2,3, 229 , 687 ," 1,367 ", 15 , 159 , 45 , 10 
0027.00,2018,3,3, 10 , 25 ," 1,296 ", -   , -   , 10 , -   
0028.00,2018,1,0, 10 , 10 , 737 , 3 , 5 , 2 , 1 
0028.00,2018,1,1, 139 , 225 ," 1,066 ", 19 , 53 , 53 , 14 
0028.00,2018,1,2, 289 , 670 , 860 , 34 , 169 , 77 , 10 
0028.00,2018,1,3, 210 , 798 ," 1,159 ", 29 , 147 , 24 , 10 
0028.00,2018,2,3, 105 , 460 ," 1,271 ", 19 , 48 , 29 , 10 
0028.00,2018,3,3, 70 , 210 ," 1,433 ", 25 , 25 , 20 , -   
0028.00,2018,4,2, 10 , 20 ," 1,266 ", 10 , -   , -   , -   
0028.00,2018,4,3, 50 , 118 ," 1,455 ", 8 , 19 , 15 , 8 
0028.00,2018,5,3, 10 , 36 , 824 , -   , 10 , -   , -   
0029.00,2018,1,0, 55 , 82 , 803 , 15 , 30 , 10 , -   
0029.00,2018,1,1, 615 , 870 , 932 , 79 , 403 , 123 , 10 
0029.00,2018,1,2, 494 , 941 ," 1,184 ", 64 , 322 , 99 , 10 
0029.00,2018,1,3, 105 , 235 ," 1,370 ", 19 , 76 , 10 , -   
0029.00,2018,2,1, 10 , 36 , 651 , 3 , 3 , 3 , 1 
0029.00,2018,2,2, 40 , 107 ," 1,245 ", -   , 20 , 20 , -   
0029.00,2018,2,3, 315 ," 1,330 ", 924 , 51 , 188 , 66 , 10 
0029.00,2018,3,3, 10 , 36 ," 1,323 ", -   , -   , 10 , -   
0029.00,2018,4,2, 17 , 31 ," 1,348 ", 20 , -   , -   , -   
0029.00,2018,4,3, 10 , 41 ," 1,500 ", 10 , -   , -   , -   
0030.00,2018,1,0, 45 , 51 , 800 , 9 , 27 , -   , 9 
0030.00,2018,1,1," 1,224 "," 1,540 ", 949 , 211 , 778 , 236 , -   
0030.00,2018,1,2, 805 ," 1,571 "," 1,241 ", 140 , 530 , 125 , 10 
0030.00,2018,1,3, 183 , 522 ," 1,111 ", 16 , 141 , 27 , -   
0030.00,2018,2,2, 40 , 72 ," 1,078 ", -   , 30 , 10 , -   
0030.00,2018,2,3, 85 , 292 , 833 , 13 , 46 , 26 , -   
0030.00,2018,3,2, 10 , 26 ," 1,587 ", -   , 10 , -   , -   
0030.00,2018,3,3, 65 , 194 ," 1,490 ", 22 , 43 , -   , -   
0030.00,2018,4,2, 9 , 26 ," 1,452 ", 9 , -   , -   , -   
0030.00,2018,4,3, 19 , 46 ," 1,581 ", 13 , 7 , -   , -   
0031.00,2018,1,0, 20 , 26 ," 1,117 ", 8 , 12 , -   , -   
0031.00,2018,1,1, 583 , 691 , 906 , 95 , 374 , 105 , 10 
0031.00,2018,1,2, 699 ," 1,356 "," 1,262 ", 95 , 510 , 80 , 15 
0031.00,2018,1,3, 59 , 148 ," 1,313 ", 11 , 38 , 11 , -   
0031.00,2018,2,3, 10 , 41 ," 1,626 ", 1 , 4 , 3 , 2 
0031.00,2018,3,2, 25 , 46 ," 1,302 ", -   , 7 , 7 , 11 
0031.00,2018,3,3, 25 , 77 ," 1,773 ", 12 , 12 , -   , -   
0031.00,2018,4,2, 20 , 31 ," 1,268 ", 20 , -   , -   , -   
0031.00,2018,4,3, 19 , 67 ," 1,599 ", 10 , -   , 10 , -   
0032.01,2018,1,0, 40 , 46 , 950 , 9 , 22 , 9 , -   
0032.01,2018,1,1, 639 , 793 ," 1,093 ", 159 , 402 , 69 , 10 
0032.01,2018,1,2, 530 ," 1,003 "," 1,342 ", 145 , 325 , 60 , -   
0032.01,2018,1,3, 35 , 87 ," 1,052 ", -   , 35 , -   , -   
0032.01,2018,2,3, 15 , 31 ," 1,429 ", -   , 15 , -   , -   
0032.01,2018,3,3, 10 , 15 ," 1,085 ", 10 , -   , -   , -   
0032.01,2018,4,3, 9 , 20 ," 1,841 ", 3 , 3 , 2 , 1 
0032.02,2018,1,0, 26 , 20 , 910 , -   , 25 , -   , 1 
0032.02,2018,1,1, 540 , 686 , 927 , 131 , 342 , 50 , 17 
0032.02,2018,1,2, 207 , 343 ," 1,431 ", 63 , 112 , 10 , 22 
0032.02,2018,1,3, 5 , 16 ," 1,524 ", null , null , null , -   
0032.02,2018,3,3, 10 , 20 , 936 , 4 , 4 , 2 , 1 
0032.02,2018,4,3, 18 , 67 ," 1,987 ", 10 , -   , -   , 10 
0033.01,2018,1,0, 10 , 10 ," 1,020 ", 9 , -   , -   , 1 
0033.01,2018,1,1, 215 , 271 ," 1,201 ", 102 , 61 , 15 , 37 
0033.01,2018,1,2, 378 , 645 ," 1,586 ", 170 , 140 , 30 , 38 
0033.01,2018,1,3, 70 , 189 ," 1,408 ", 35 , 35 , -   , -   
0033.01,2018,2,3, 38 , 133 ," 1,265 ", 9 , 18 , -   , 12 
0033.01,2018,3,1, 10 , 10 ," 1,402 ", 4 , 3 , 2 , 1 
0033.01,2018,3,3, 65 , 210 ," 2,171 ", 22 , 22 , 9 , 13 
0033.01,2018,4,1, 9 , 10 ," 1,187 ", -   , -   , 10 , -   
0033.01,2018,4,2, 13 , 31 ," 2,037 ", 15 , -   , -   , -   
0033.01,2018,4,3, 41 , 164 ," 2,104 ", 26 , -   , 18 , -   
0033.02,2018,1,0, 10 , 10 , 865 , 5 , 5 , -   , -   
0033.02,2018,1,1, 429 , 486 ," 1,005 ", 111 , 171 , 60 , 86 
0033.02,2018,1,2, 176 , 312 ," 1,655 ", 77 , 41 , 15 , 42 
0033.02,2018,1,3, 16 , 51 ," 1,473 ", 15 , -   , -   , 1 
0033.02,2018,2,2, 10 , 10 ," 1,091 ", 1 , 3 , 4 , 2 
0033.02,2018,2,3, 10 , 26 ," 1,527 ", -   , 10 , -   , -   
0033.02,2018,3,3, 45 , 128 ," 1,654 ", -   , 22 , 22 , -   
0033.02,2018,4,2, 14 , 20 ," 1,514 ", 15 , -   , -   , -   
0033.02,2018,4,3, 23 , 77 ," 2,131 ", 11 , 7 , -   , 7 
0034.00,2018,1,1, 9 , 35 ," 1,516 ", 10 , -   , -   , -   
0034.00,2018,1,2, 54 , 106 ," 1,593 ", 36 , 9 , 9 , -   
0034.00,2018,1,3, 7 , 25 ," 1,914 ", 10 , -   , -   , -   
0034.00,2018,2,1, 10 , 10 , 951 , 10 , -   , -   , -   
0034.00,2018,3,3, 75 , 213 ," 2,009 ", 56 , 9 , 9 , -   
0034.00,2018,4,2, 10 , 15 ," 1,639 ", 4 , 3 , 1 , 1 
0034.00,2018,4,3, 19 , 66 ," 2,038 ", -   , 20 , -   , -   
0035.00,2018,1,0, 34 , 36 , 944 , 21 , 14 , -   , -   
0035.00,2018,1,1, 771 ," 1,012 "," 1,179 ", 144 , 373 , 124 , 130 
0035.00,2018,1,2, 479 , 874 ," 1,583 ", 100 , 120 , 85 , 175 
0035.00,2018,1,3, 45 , 143 ," 1,106 ", 34 , -   , 11 , -   
0035.00,2018,2,1, 15 , 20 ," 1,105 ", 15 , -   , -   , -   
0035.00,2018,2,2, 21 , 77 ," 1,619 ", 20 , -   , -   , 1 
0035.00,2018,2,3, 32 , 107 ," 1,900 ", 18 , -   , -   , 14 
0035.00,2018,3,1, 10 , 20 ," 1,173 ", 10 , -   , -   , -   
0035.00,2018,3,2, 25 , 61 ," 1,589 ", 15 , 10 , -   , -   
0035.00,2018,3,3, 25 , 51 ," 1,871 ", 17 , -   , 8 , -   
0035.00,2018,4,1, 10 , 10 , 827 , 10 , -   , -   , -   
0035.00,2018,4,2, 14 , 31 ," 1,363 ", -   , 14 , -   , -   
0035.00,2018,4,3, 39 , 133 ," 1,482 ", 31 , 9 , -   , -   
0036.00,2018,1,1, 196 , 250 ," 1,274 ", 144 , 45 , 10 , -   
0036.00,2018,1,2, 183 , 332 ," 1,730 ", 160 , 15 , -   , 10 
0036.00,2018,1,3, 40 , 92 ," 2,519 ", 40 , -   , -   , -   
0036.00,2018,3,2, 10 , 10 ," 1,585 ", 4 , 3 , 1 , 2 
0036.00,2018,3,3, 40 , 107 ," 1,725 ", 24 , 8 , -   , 8 
0036.00,2018,4,1, 10 , 10 ," 1,376 ", 4 , 3 , 2 , 1 
0037.00,2018,1,0, 393 , 434 , 911 , 105 , 190 , 35 , 70 
0037.00,2018,1,1," 3,525 "," 4,385 "," 1,151 "," 1,239 "," 1,573 ", 435 , 285 
0037.00,2018,1,2, 980 ," 1,911 "," 1,607 ", 399 , 369 , 160 , 55 
0037.00,2018,1,3, 159 , 434 ," 1,494 ", 78 , 29 , 34 , 19 
0037.00,2018,2,2, 15 , 31 ," 1,441 ", -   , -   , -   , 15 
0037.00,2018,2,3, 10 , 46 ," 1,682 ", 5 , -   , -   , 5 
0037.00,2018,3,3, 10 , 15 ," 1,265 ", 4 , 4 , 2 , 1 
0037.00,2018,4,2, 9 , 15 ," 1,642 ", -   , 10 , -   , -   
0038.00,2018,1,0, 109 , 143 , 913 , 35 , 30 , 30 , 20 
0038.00,2018,1,1," 2,087 "," 2,530 "," 1,084 ", 373 , 830 , 452 , 457 
0038.00,2018,1,2, 636 ," 1,288 "," 1,693 ", 155 , 130 , 184 , 174 
0038.00,2018,1,3, 72 , 210 ," 1,601 ", 35 , 15 , 15 , 10 
0038.00,2018,2,2, 10 , 20 ," 2,390 ", 10 , -   , -   , -   
0038.00,2018,3,2, 20 , 36 ," 1,271 ", -   , 20 , -   , -   
0038.00,2018,4,1, 10 , 10 ," 1,094 ", 10 , -   , -   , -   
0038.00,2018,4,2, 10 , 10 ," 1,422 ", 4 , 3 , 1 , 1 
0038.00,2018,4,3, 16 , 15 ," 1,911 ", 19 , -   , -   , -   
0039.00,2018,1,0, 13 , 20 , 955 , -   , 17 , -   , -   
0039.00,2018,1,1, 406 , 547 ," 1,168 ", 230 , 78 , 64 , 39 
0039.00,2018,1,2, 309 , 562 ," 1,416 ", 193 , 59 , 54 , 10 
0039.00,2018,1,3, 104 , 317 ," 1,564 ", 52 , 35 , 9 , 9 
0039.00,2018,2,1, 10 , 10 ," 1,208 ", 10 , -   , -   , -   
0039.00,2018,2,2, 19 , 36 ," 1,810 ", 20 , -   , -   , -   
0039.00,2018,2,3, 25 , 92 ," 1,603 ", 15 , -   , 10 , -   
0039.00,2018,3,1, 10 , 10 ," 1,205 ", 10 , -   , -   , -   
0039.00,2018,3,2, 15 , 31 ," 1,897 ", 15 , -   , -   , -   
0039.00,2018,3,3, 60 , 164 ," 1,581 ", 49 , 11 , -   , -   
0039.00,2018,4,1, 10 , 10 ," 1,087 ", 10 , -   , -   , -   
0040.00,2018,1,0, 58 , 61 , 793 , 23 , 18 , 9 , 9 
0040.00,2018,1,1, 932 ," 1,257 "," 1,101 ", 339 , 354 , 195 , 50 
0040.00,2018,1,2, 444 , 905 ," 1,531 ", 260 , 105 , 45 , 35 
0040.00,2018,1,3, 111 , 291 ," 1,159 ", 71 , 22 , 22 , -   
0040.00,2018,2,1, 10 , 15 ," 1,126 ", -   , 10 , -   , -   
0040.00,2018,2,2, 50 , 82 ," 1,706 ", 10 , 15 , 25 , -   
0040.00,2018,2,3, 49 , 133 ," 1,543 ", 20 , 10 , 10 , 10 
0040.00,2018,3,2, 10 , 15 ," 2,038 ", 10 , -   , -   , -   
0040.00,2018,3,3, 10 , 26 ," 1,965 ", -   , -   , 10 , -   
0040.00,2018,4,1, 14 , 20 ," 1,193 ", 14 , -   , -   , -   
0040.00,2018,4,3, 17 , 20 ," 2,002 ", 20 , -   , -   , -   
0041.00,2018,1,0, 45 , 46 , 739 , -   , 45 , -   , -   
0041.00,2018,1,1, 594 , 782 , 939 , 221 , 266 , 101 , 10 
0041.00,2018,1,2, 342 , 669 ," 1,175 ", 159 , 99 , 84 , -   
0041.00,2018,1,3, 79 , 220 ," 1,604 ", 60 , 19 , -   , -   
0041.00,2018,2,1, 25 , 36 ," 1,145 ", -   , -   , 25 , -   
0041.00,2018,2,2, 75 , 128 ," 1,293 ", 10 , 30 , 35 , -   
0041.00,2018,2,3, 114 , 312 ," 1,333 ", 41 , 36 , 36 , -   
0041.00,2018,3,1, 10 , 20 ," 1,072 ", -   , 10 , -   , -   
0041.00,2018,3,2, 35 , 72 ," 1,362 ", 35 , -   , -   , -   
0041.00,2018,4,3, 10 , 72 ," 1,566 ", 7 , 7 , -   , -   
0042.00,2018,1,0, 56 , 56 , 876 , 11 , 22 , 11 , 13 
0042.00,2018,1,1, 944 ," 1,216 ", 898 , 219 , 463 , 124 , 138 
0042.00,2018,1,2, 256 , 531 ," 1,205 ", 115 , 55 , 50 , 35 
0042.00,2018,1,3, 93 , 286 ," 1,313 ", 43 , 28 , 9 , 12 
0042.00,2018,2,1, 10 , 10 , 644 , 10 , -   , -   , -   
0042.00,2018,2,2, 21 , 61 ," 1,035 ", 7 , -   , 7 , 11 
0042.00,2018,2,3, 105 , 393 , 854 , 43 , 33 , 29 , -   
0042.00,2018,3,1, 20 , 31 ," 1,245 ", 7 , -   , 7 , 7 
0042.00,2018,3,2, 20 , 31 ," 1,347 ", 12 , 8 , -   , -   
0042.00,2018,3,3, 25 , 97 ," 1,444 ", 11 , -   , 7 , 7 
0042.00,2018,4,2, 9 , 36 ," 1,395 ", 10 , -   , -   , -   
0042.00,2018,4,3, 8 , 20 ," 1,753 ", 10 , -   , -   , -   
0043.00,2018,1,0, 54 , 56 , 980 , -   , 32 , 22 , -   
0043.00,2018,1,1, 677 , 834 ," 1,100 ", 309 , 299 , 51 , 20 
0043.00,2018,1,2, 448 , 865 ," 1,496 ", 239 , 110 , 70 , 30 
0043.00,2018,1,3, 32 , 82 ," 1,638 ", 25 , 10 , -   , -   
0043.00,2018,2,1, 11 , 10 , 843 , 3 , 3 , 3 , 2 
0043.00,2018,2,2, 19 , 41 ," 1,612 ", 10 , 10 , -   , -   
0043.00,2018,2,3, 12 , 41 ," 1,098 ", 5 , 5 , -   , 2 
0043.00,2018,3,2, 10 , 26 ," 1,493 ", 10 , -   , -   , -   
0043.00,2018,3,3, 50 , 179 ," 1,900 ", 50 , -   , -   , -   
0043.00,2018,4,2, 14 , 31 ," 1,576 ", 14 , -   , -   , -   
0043.00,2018,4,3, 33 , 143 ," 2,006 ", 35 , -   , -   , -   
0044.00,2018,1,0, 15 , 15 ," 1,145 ", 8 , 8 , -   , -   
0044.00,2018,1,1, 40 , 61 ," 1,107 ", 16 , 20 , -   , 8 
0044.00,2018,1,2, 54 , 92 ," 1,667 ", 20 , 25 , 10 , -   
0044.00,2018,1,3, 9 , 20 ," 1,162 ", 9 , -   , -   , -   
0044.00,2018,3,3, 55 , 113 ," 1,895 ", 44 , 11 , -   , -   
0044.00,2018,4,3, 17 , 36 ," 2,284 ", 19 , -   , -   , -   
0045.00,2018,1,0, 41 , 41 , 669 , -   , 20 , -   , 21 
0045.00,2018,1,1, 921 ," 1,064 "," 1,241 ", 126 , 417 , 171 , 207 
0045.00,2018,1,2, 536 , 952 ," 1,749 ", 110 , 190 , 105 , 132 
0045.00,2018,1,3, 173 , 425 ," 1,942 ", 33 , 108 , 14 , 18 
0045.00,2018,2,0, 10 , 5 ," 1,008 ", -   , -   , -   , 10 
0045.00,2018,2,2, 15 , 51 ," 1,290 ", -   , -   , 6 , 9 
0045.00,2018,2,3, 39 , 123 ," 1,794 ", -   , 9 , 22 , 9 
0045.00,2018,3,1, 15 , 15 ," 1,552 ", -   , 15 , -   , -   
0045.00,2018,3,3, 40 , 123 ," 2,341 ", 15 , 18 , -   , 7 
0045.00,2018,4,1, 14 , 15 ," 1,147 ", 7 , 7 , -   , -   
0045.00,2018,4,2, 28 , 56 ," 1,528 ", 29 , -   , -   , -   
0045.00,2018,4,3, 74 , 235 ," 1,849 ", 48 , 27 , -   , -   
0046.00,2018,1,0, 55 , 51 , 738 , 10 , 20 , 20 , 5 
0046.00,2018,1,1," 1,241 "," 1,520 ", 976 , 290 , 539 , 354 , 58 
0046.00,2018,1,2, 613 ," 1,274 "," 1,443 ", 110 , 190 , 255 , 59 
0046.00,2018,1,3, 85 , 333 ," 1,123 ", 40 , 11 , 34 , -   
0046.00,2018,2,3, 7 , 26 ," 1,794 ", 1 , 3 , 3 , 2 
0046.00,2018,3,1, 25 , 31 ," 1,249 ", 25 , -   , -   , -   
0046.00,2018,3,3, 35 , 77 ," 1,604 ", 18 , -   , 9 , 9 
0046.00,2018,4,1, 8 , 10 , 963 , 4 , 3 , 2 , 1 
0046.00,2018,4,2, 23 , 41 ," 1,556 ", 25 , -   , -   , -   
0046.00,2018,4,3, 29 , 72 ," 1,368 ", 30 , -   , -   , -   
0047.00,2018,1,0, 10 , 15 ," 1,218 ", -   , -   , -   , 10 
0047.00,2018,1,1, 158 , 217 ," 1,483 ", 20 , 10 , -   , 133 
0047.00,2018,1,2, 51 , 116 ," 2,184 ", 8 , 8 , -   , 37 
0048.00,2018,1,0, 71 , 91 ," 1,135 ", 9 , 30 , 30 , 9 
0048.00,2018,1,1," 1,121 "," 1,335 "," 1,405 ", 134 , 381 , 342 , 264 
0048.00,2018,1,2, 941 ," 1,613 "," 1,745 ", 86 , 267 , 412 , 176 
0048.00,2018,1,3, 36 , 61 ," 1,826 ", -   , 20 , 10 , 6 
0048.00,2018,2,3, 10 , 15 ," 1,322 ", -   , -   , 10 , -   
0049.00,2018,1,0, 77 , 102 , 989 , 42 , 24 , 9 , 9 
0049.00,2018,1,1, 712 , 905 ," 1,200 ", 283 , 333 , 84 , 20 
0049.00,2018,1,2, 382 , 644 ," 1,675 ", 111 , 232 , 40 , -   
0049.00,2018,1,3, 54 , 112 ," 2,053 ", 31 , 24 , -   , -   
0049.00,2018,2,2, 9 , 20 ," 1,846 ", -   , -   , 10 , -   
0049.00,2018,2,3, 8 , 31 ," 1,372 ", 5 , -   , 5 , -   
0049.00,2018,3,2, 10 , 15 ," 1,321 ", 10 , -   , -   , -   
0049.00,2018,3,3, 10 , 10 , 613 , -   , 10 , -   , -   
0050.00,2018,1,1, 143 , 189 ," 1,564 ", 24 , 19 , 14 , 86 
0050.00,2018,1,2, 128 , 210 ," 1,697 ", 29 , 19 , 10 , 71 
0050.00,2018,1,3, 44 , 66 ," 1,982 ", 17 , 12 , -   , 15 
0050.00,2018,2,3, 10 , 10 ," 1,786 ", 10 , -   , -   , -   
0050.00,2018,4,2, 9 , 10 ," 1,445 ", 4 , 3 , 1 , 1 
0051.00,2018,1,0, 114 , 97 , 863 , 33 , 23 , 19 , 39 
0051.00,2018,1,1, 981 ," 1,165 ", 997 , 435 , 321 , 134 , 91 
0051.00,2018,1,2, 497 , 797 ," 1,306 ", 217 , 121 , 81 , 78 
0051.00,2018,1,3, 223 , 516 ," 1,769 ", 76 , 38 , 43 , 65 
0051.00,2018,2,1, 10 , 10 , 991 , 10 , -   , -   , -   
0051.00,2018,2,2, 26 , 46 ," 1,567 ", 10 , -   , 15 , 1 
0051.00,2018,2,3, 48 , 128 ," 1,081 ", 10 , -   , 25 , 13 
0051.00,2018,3,3, 50 , 143 ," 1,830 ", 28 , 22 , -   , -   
0051.00,2018,4,1, 9 , 10 ," 1,106 ", 4 , 3 , 2 , 1 
0051.00,2018,4,3, 45 , 118 ," 2,055 ", 20 , 15 , 10 , -   
0052.00,2018,1,0, 43 , 41 , 901 , 20 , 20 , -   , 4 
0052.00,2018,1,1, 933 ," 1,088 "," 1,073 ", 351 , 411 , 110 , 61 
0052.00,2018,1,2, 672 ," 1,145 "," 1,481 ", 203 , 342 , 64 , 62 
0052.00,2018,1,3, 239 , 501 ," 1,908 ", 81 , 105 , 24 , 29 
0052.00,2018,2,2, 10 , 10 ," 1,720 ", 1 , 3 , 4 , 2 
0052.00,2018,2,3, 25 , 66 ," 1,814 ", -   , -   , 25 , -   
0052.00,2018,3,1, 10 , 10 ," 1,248 ", 4 , 3 , 2 , 1 
0052.00,2018,4,1, 15 , 15 ," 1,037 ", 8 , 8 , -   , -   
0052.00,2018,4,3, 33 , 118 ," 1,919 ", 35 , -   , -   , -   
0053.00,2018,1,0, 70 , 82 , 607 , 15 , 44 , 15 , -   
0053.00,2018,1,1," 1,315 "," 1,686 "," 1,025 ", 272 , 490 , 168 , 385 
0053.00,2018,1,2, 405 , 807 ," 1,352 ", 80 , 155 , 80 , 90 
0053.00,2018,1,3, 51 , 158 ," 1,369 ", 17 , 17 , 8 , 9 
0053.00,2018,2,2, 10 , 20 ," 2,118 ", -   , 10 , -   , -   
0053.00,2018,2,3, 94 , 312 ," 1,033 ", 11 , 67 , 17 , -   
0053.00,2018,3,2, 15 , 36 ," 1,317 ", 8 , 8 , -   , -   
0053.00,2018,4,3, 20 , 46 , 532 , 12 , -   , 8 , -   
0054.00,2018,1,0, 27 , 25 , 891 , -   , 10 , 10 , 10 
0054.00,2018,1,1, 677 , 819 ," 1,280 ", 134 , 114 , 208 , 233 
0054.00,2018,1,2, 303 , 607 ," 1,843 ", 54 , 54 , 83 , 123 
0054.00,2018,1,3, 30 , 66 ," 2,526 ", 22 , -   , 8 , -   
0054.00,2018,2,1, 10 , 10 ," 1,111 ", -   , 5 , -   , 5 
0054.00,2018,3,1, 10 , 10 ," 1,069 ", 10 , -   , -   , -   
0055.00,2018,1,0, 24 , 31 , 931 , 8 , 12 , 8 , -   
0055.00,2018,1,1, 476 , 593 ," 1,224 ", 121 , 257 , 76 , 30 
0055.00,2018,1,2, 159 , 281 ," 1,433 ", 69 , 44 , 30 , 20 
0055.00,2018,1,3, 36 , 123 ," 1,638 ", 28 , 10 , -   , -   
0055.00,2018,2,1, 10 , 10 , 915 , 10 , -   , -   , -   
0055.00,2018,2,2, 29 , 61 ," 1,352 ", 10 , 10 , -   , 10 
0055.00,2018,2,3, 24 , 102 ," 1,169 ", 8 , 12 , 8 , -   
0055.00,2018,3,1, 10 , 15 ," 1,091 ", 4 , 3 , 2 , 1 
0055.00,2018,3,2, 15 , 20 ," 1,592 ", 15 , -   , -   , -   
0055.00,2018,3,3, 15 , 31 ," 1,899 ", 15 , -   , -   , -   
0055.00,2018,4,3, 3 , 20 ," 2,338 ", 8 , -   , -   , -   
0056.00,2018,1,0, 21 , 36 , 470 , 12 , 8 , -   , 1 
0056.00,2018,1,1, 579 , 695 , 754 , 171 , 251 , 145 , 20 
0056.00,2018,1,2, 261 , 567 ," 1,130 ", 100 , 110 , 40 , 15 
0056.00,2018,1,3, 109 , 337 ," 1,184 ", 29 , 34 , 39 , 10 
0056.00,2018,2,1, 29 , 41 , 874 , 10 , -   , 20 , -   
0056.00,2018,2,2, 110 , 189 ," 1,605 ", 20 , 40 , 40 , 10 
0056.00,2018,2,3, 195 , 726 ," 1,330 ", 25 , 95 , 50 , 25 
0056.00,2018,3,1, 10 , 15 ," 1,017 ", 10 , -   , -   , -   
0056.00,2018,3,2, 25 , 51 ," 1,576 ", 17 , -   , -   , 8 
0056.00,2018,3,3, 20 , 31 ," 1,339 ", -   , -   , 20 , -   
0056.00,2018,4,1, 10 , 10 , 890 , 4 , 3 , 2 , 1 
0057.00,2018,1,1, 57 , 97 ," 1,159 ", 35 , 12 , 12 , -   
0057.00,2018,1,2, 180 , 266 ," 1,430 ", 65 , 50 , 10 , 55 
0057.00,2018,1,3, 29 , 56 ," 1,959 ", 20 , -   , -   , 9 
0057.00,2018,2,2, 10 , 36 ," 1,635 ", 5 , 5 , -   , -   
0057.00,2018,2,3, 28 , 66 ," 1,456 ", 12 , 8 , 8 , -   
0057.00,2018,3,1, 10 , 10 ," 1,220 ", 10 , -   , -   , -   
0057.00,2018,3,3, 10 , 51 ," 1,103 ", -   , -   , -   , 10 
0057.00,2018,4,2, 8 , 19 ," 1,331 ", 9 , -   , -   , -   
0057.00,2018,4,3, 23 , 61 ," 1,572 ", 25 , -   , -   , -   
0058.00,2018,1,0, 25 , 26 ," 1,031 ", 17 , -   , 8 , -   
0058.00,2018,1,1, 380 , 465 ," 1,132 ", 152 , 193 , 35 , -   
0058.00,2018,1,2, 265 , 444 ," 1,705 ", 122 , 107 , 36 , -   
0058.00,2018,1,3, 35 , 92 ," 1,695 ", 23 , 12 , -   , -   
0058.00,2018,2,1, 10 , 10 ," 1,393 ", 3 , 3 , 3 , 1 
0058.00,2018,2,2, 10 , 15 ," 1,778 ", 1 , 3 , 4 , 2 
0058.00,2018,2,3, 10 , 15 ," 1,590 ", 1 , 4 , 3 , 2 
0058.00,2018,3,1, 10 , 10 ," 1,604 ", -   , -   , 10 , -   
0058.00,2018,3,2, 15 , 31 ," 2,023 ", 15 , -   , -   , -   
0058.00,2018,3,3, 40 , 112 ," 2,335 ", 31 , 9 , -   , -   
0058.00,2018,4,3, 25 , 72 ," 2,264 ", 12 , 12 , -   , -   
0059.00,2018,1,0, 10 , 10 ," 1,080 ", 3 , 5 , 2 , 1 
0059.00,2018,1,1, 20 , 36 ," 1,324 ", -   , -   , 20 , -   
0059.00,2018,1,2, 30 , 51 ," 1,756 ", -   , -   , -   , 30 
0059.00,2018,2,1, 50 , 87 , 906 , 15 , 20 , 15 , -   
0059.00,2018,2,2, 304 , 664 ," 1,197 ", 167 , 64 , 64 , 10 
0059.00,2018,2,3, 150 , 485 ," 1,167 ", 63 , 34 , 53 , -   
0059.00,2018,4,2, 9 , 31 ," 2,116 ", 4 , 3 , 1 , 1 
0059.00,2018,4,3, 33 , 102 ," 2,033 ", 26 , -   , -   , 8 
0060.00,2018,1,0, 25 , 27 , 702 , -   , -   , 10 , 15 
0060.00,2018,1,1, 736 , 853 , 721 , 82 , 296 , 311 , 47 
0060.00,2018,1,2, 597 ," 1,062 "," 1,175 ", 85 , 215 , 215 , 83 
0060.00,2018,1,3, 94 , 220 ," 1,225 ", 11 , 42 , 32 , 9 
0060.00,2018,2,2, 145 , 337 ," 1,183 ", 98 , 47 , -   , -   
0060.00,2018,2,3, 40 , 143 ," 1,284 ", 10 , 20 , -   , 10 
0061.00,2018,1,0, 10 , 10 , 759 , -   , 10 , -   , -   
0061.00,2018,1,1, 509 , 649 , 989 , 139 , 248 , 109 , 15 
0061.00,2018,1,2, 340 , 669 ," 1,156 ", 107 , 132 , 86 , 15 
0061.00,2018,1,3, 90 , 184 ," 1,399 ", 45 , 34 , -   , 11 
0061.00,2018,2,2, 35 , 82 ," 1,094 ", -   , 35 , -   , -   
0061.00,2018,2,3, 210 , 679 ," 1,306 ", 59 , 129 , 22 , -   
0061.00,2018,3,1, 10 , 10 , 924 , 4 , 3 , 2 , 1 
0061.00,2018,3,2, 15 , 36 ," 1,388 ", -   , 8 , 8 , -   
0061.00,2018,3,3, 140 , 424 ," 1,274 ", 90 , 50 , -   , -   
0061.00,2018,4,1, 9 , 10 ," 1,067 ", 10 , -   , -   , -   
0061.00,2018,4,2, 13 , 36 ," 1,126 ", 7 , 5 , 2 , 2 
0061.00,2018,4,3, 25 , 51 ," 1,412 ", 17 , -   , 8 , -   
0062.01,2018,1,0, 10 , 11 , 883 , -   , 10 , -   , -   
0062.01,2018,1,1, 355 , 450 , 991 , -   , 75 , 140 , 140 
0062.01,2018,1,2, 423 , 788 ," 1,356 ", 35 , 290 , 45 , 53 
0062.01,2018,1,3, 138 , 322 ," 1,569 ", -   , 88 , 16 , 34 
0062.01,2018,2,1, 15 , 10 , 929 , -   , 8 , 8 , -   
0062.01,2018,2,2, 60 , 143 ," 1,011 ", -   , 15 , 35 , 10 
0062.01,2018,2,3, 270 , 921 ," 1,329 ", 39 , 142 , 74 , 15 
0062.01,2018,3,3, 10 , 31 , 587 , 4 , 4 , 2 , 1 
0062.01,2018,4,2, 10 , 15 ," 1,325 ", 4 , 3 , 1 , 1 
0062.01,2018,4,3, 20 , 61 ," 1,359 ", -   , -   , -   , 20 
0062.02,2018,1,0, 10 , 10 , 673 , 3 , 5 , 2 , 1 
0062.02,2018,1,1, 210 , 251 , 957 , 39 , 103 , 68 , -   
0062.02,2018,1,2, 145 , 292 ," 1,063 ", 10 , 90 , 45 , -   
0062.02,2018,1,3, 34 , 118 , 732 , -   , 9 , 26 , -   
0062.02,2018,2,1, 10 , 17 , 888 , -   , 10 , -   , -   
0062.02,2018,2,2, 65 , 118 ," 1,111 ", -   , 9 , 42 , 14 
0062.02,2018,2,3, 75 , 343 ," 1,083 ", -   , 21 , 54 , -   
0062.02,2018,3,3, 10 , 36 ," 1,635 ", -   , -   , 10 , -   
0062.02,2018,4,0, 10 , 10 ," 1,374 ", 10 , -   , -   , -   
0100.00,2018,1,1, 664 , 863 , 871 , 280 , 325 , 49 , 10 
0100.00,2018,1,2, 625 ," 1,440 "," 1,038 ", 327 , 238 , 60 , -   
0100.00,2018,1,3, 64 , 184 , 788 , 25 , 30 , -   , 10 
0100.00,2018,4,2, 10 , 10 ," 1,395 ", 10 , -   , -   , -   
0100.00,2018,4,3, 16 , 72 ," 1,141 ", -   , 20 , -   , -   
0101.00,2018,1,0, 36 , 41 , 702 , -   , 18 , 18 , 1 
0101.00,2018,1,1, 461 , 572 , 973 , 166 , 161 , 55 , 78 
0101.00,2018,1,2, 395 , 705 ," 1,047 ", 158 , 163 , 54 , 21 
0101.00,2018,1,3, 28 , 66 ," 1,427 ", 30 , -   , -   , -   
0101.00,2018,2,1, 9 , 10 , 986 , -   , -   , 10 , -   
0101.00,2018,2,2, 14 , 31 ," 1,591 ", -   , 14 , -   , -   
0101.00,2018,2,3, 30 , 87 ," 1,113 ", -   , 10 , 20 , -   
0101.00,2018,3,1, 10 , 15 , 577 , -   , 10 , -   , -   
0101.00,2018,3,3, 10 , 26 ," 1,165 ", 5 , -   , 5 , -   
0101.00,2018,4,1, 9 , 10 , 792 , 4 , 3 , 2 , 1 
0101.00,2018,4,2, 9 , 20 ," 1,511 ", 5 , 5 , -   , -   
0101.00,2018,4,3, 7 , 41 ," 1,321 ", 9 , -   , -   , -   
0102.00,2018,1,1, 756 , 909 , 846 , 171 , 427 , 161 , -   
0102.00,2018,1,2, 409 , 725 ," 1,176 ", 125 , 195 , 75 , 15 
0102.00,2018,1,3, 95 , 312 ," 1,536 ", 38 , 33 , 24 , -   
0102.00,2018,2,3, 33 , 87 ," 1,370 ", 8 , 19 , 8 , -   
0102.00,2018,3,1, 15 , 15 , 792 , 8 , 8 , -   , -   
0102.00,2018,3,2, 10 , 15 ," 1,032 ", 4 , 3 , 1 , 2 
0102.00,2018,3,3, 35 , 92 ," 1,477 ", 21 , -   , 14 , -   
0102.00,2018,4,1, 10 , 10 , 815 , -   , -   , -   , 10 
0102.00,2018,4,2, 15 , 36 ," 1,138 ", 9 , 6 , -   , -   
0103.00,2018,1,0, 19 , 15 , 819 , 5 , 9 , 4 , 2 
0103.00,2018,1,1, 446 , 598 , 968 , 188 , 193 , 50 , 15 
0103.00,2018,1,2, 527 ," 1,042 "," 1,185 ", 238 , 203 , 54 , 35 
0103.00,2018,1,3, 209 , 654 ," 1,350 ", 78 , 78 , 44 , 10 
0103.00,2018,2,2, 40 , 82 ," 1,065 ", 9 , 9 , 22 , -   
0103.00,2018,2,3, 20 , 51 , 995 , -   , 20 , -   , -   
0103.00,2018,3,1, 10 , 10 , 752 , -   , 10 , -   , -   
0103.00,2018,3,2, 15 , 31 , 892 , 8 , 8 , -   , -   
0103.00,2018,3,3, 20 , 41 ," 1,106 ", -   , 10 , 10 , -   
0103.00,2018,4,2, 20 , 36 ," 1,133 ", -   , -   , 20 , -   
0103.00,2018,4,3, 13 , 36 ," 1,637 ", 8 , -   , 8 , -   
0104.00,2018,1,0, 10 , 15 , 883 , 10 , -   , -   , -   
0104.00,2018,1,1, 368 , 480 ," 1,144 ", 125 , 115 , 25 , 110 
0104.00,2018,1,2, 477 , 899 ," 1,251 ", 204 , 154 , 70 , 50 
0104.00,2018,1,3, 90 , 199 ," 1,485 ", 33 , 24 , 24 , 10 
0104.00,2018,2,1, 10 , 10 ," 1,122 ", 10 , -   , -   , -   
0104.00,2018,2,3, 15 , 41 ," 1,801 ", -   , -   , 6 , 9 
0104.00,2018,3,2, 10 , 10 ," 1,169 ", 10 , -   , -   , -   
0104.00,2018,3,3, 10 , 15 ," 1,411 ", 10 , -   , -   , -   
0104.00,2018,4,1, 10 , 15 , 902 , -   , 5 , 5 , -   
0104.00,2018,4,2, 9 , 10 ," 1,245 ", 4 , 3 , 1 , 1 
0104.00,2018,4,3, 9 , 20 ," 1,033 ", 3 , 3 , 2 , 1 
0110.00,2018,1,1, 10 , 15 ," 1,130 ", 10 , -   , -   , -   
0110.00,2018,1,3, 10 , 26 ," 1,506 ", 10 , -   , -   , -   
0110.00,2018,2,2, 10 , 10 ," 2,080 ", 1 , 3 , 4 , 2 
0110.00,2018,4,3, 50 , 153 ," 2,829 ", 50 , -   , -   , -   
0120.01,2018,4,3, 18 , 72 ," 2,273 ", 8 , 11 , -   , -   
0120.02,2018,1,0, 10 , 10 , 733 , -   , -   , 10 , -   
0120.02,2018,2,3, 80 , 220 ," 1,478 ", -   , 59 , 21 , -   
0120.02,2018,3,3, 10 , 20 ," 1,399 ", -   , 10 , -   , -   
0120.02,2018,4,3, 10 , 31 ," 1,256 ", -   , -   , 10 , -   
0120.03,2018,1,1, 30 , 72 , 968 , 13 , 9 , 9 , -   
0120.03,2018,1,2, 185 , 414 ," 1,063 ", 28 , 100 , 38 , 19 
0120.03,2018,2,2, 30 , 82 ," 1,324 ", -   , -   , 18 , 12 
0120.03,2018,2,3, 250 , 931 ," 1,485 ", 20 , 185 , 45 , -   
0120.03,2018,4,3, 25 , 92 ," 1,651 ", -   , 25 , -   , -   
0121.01,2018,1,1, 10 , 10 ," 1,044 ", -   , 10 , -   , -   
0121.01,2018,1,2, 80 , 123 , 985 , 9 , 42 , 28 , -   
0121.01,2018,1,3, 20 , 56 ," 1,843 ", 7 , 13 , -   , -   
0121.01,2018,2,2, 10 , 23 ," 1,384 ", 1 , 3 , 4 , 2 
0121.01,2018,2,3, 215 , 711 ," 1,466 ", 10 , 154 , 31 , 20 
0121.01,2018,3,2, 10 , 15 ," 1,154 ", 5 , 5 , -   , -   
0121.01,2018,3,3, 20 , 10 ," 1,361 ", -   , 20 , -   , -   
0121.01,2018,4,1, 10 , 10 , 968 , -   , 10 , -   , -   
0121.01,2018,4,2, 9 , 10 ," 2,118 ", 10 , -   , -   , -   
0121.01,2018,4,3, 40 , 107 ," 1,623 ", 17 , 23 , -   , -   
0121.02,2018,1,1, 85 , 118 , 942 , -   , 57 , 19 , 9 
0121.02,2018,1,2, 229 , 481 ," 1,106 ", 35 , 155 , 30 , 10 
0121.02,2018,1,3, 174 , 547 ," 1,209 ", 31 , 129 , 15 , -   
0121.02,2018,2,2, 15 , 41 ," 1,781 ", -   , -   , -   , 15 
0121.02,2018,2,3, 30 , 123 ," 1,436 ", -   , 8 , 8 , 15 
0121.02,2018,3,3, 10 , 10 ," 1,868 ", 4 , 4 , 2 , 1 
0121.02,2018,4,2, 10 , 26 ," 1,492 ", -   , 10 , -   , -   
0121.02,2018,4,3, 10 , 31 ," 1,392 ", -   , 10 , -   , -   
0122.01,2018,1,0, 10 , 10 , 868 , 3 , 5 , 2 , 1 
0122.01,2018,1,1, 39 , 113 ," 1,035 ", -   , 10 , 10 , 20 
0122.01,2018,1,2, 281 , 706 ," 1,266 ", 25 , 147 , 86 , 25 
0122.01,2018,1,3, 125 , 578 ," 1,367 ", 10 , 62 , 38 , 14 
0122.01,2018,2,1, 15 , 36 , 527 , -   , 15 , -   , -   
0122.01,2018,2,2, 74 , 230 ," 1,155 ", 16 , -   , 26 , 32 
0122.01,2018,2,3, 200 , 829 ," 1,424 ", 30 , 100 , 60 , 10 
0122.02,2018,1,1, 70 , 77 , 882 , 10 , 35 , 25 , -   
0122.02,2018,1,2, 105 , 210 ," 1,071 ", -   , 66 , 28 , 11 
0122.02,2018,1,3, 15 , 56 ," 1,453 ", -   , 15 , -   , -   
0122.02,2018,2,2, 20 , 56 ," 1,280 ", -   , -   , 20 , -   
0122.02,2018,2,3, 490 ," 1,739 "," 1,471 ", 25 , 245 , 190 , 30 
0122.02,2018,4,2, 10 , 26 ," 1,465 ", 4 , 3 , 1 , 1 
0122.02,2018,4,3, 53 , 179 ," 1,514 ", 9 , 9 , 36 , -   
0122.03,2018,1,0, 3 , 10 , 794 , null , null , null , -   
0122.03,2018,1,1, 303 , 322 ," 1,084 ", 15 , 178 , 76 , 34 
0122.03,2018,1,2, 211 , 435 ," 1,189 ", 10 , 88 , 54 , 60 
0122.03,2018,1,3, 67 , 189 ," 1,594 ", 11 , 16 , 38 , 2 
0122.03,2018,2,2, 40 , 67 ," 1,534 ", -   , 13 , 27 , -   
0122.03,2018,2,3, 170 , 578 ," 1,308 ", 11 , 27 , 122 , 11 
0122.03,2018,3,3, 10 , 31 ," 1,263 ", -   , 10 , -   , -   
0122.03,2018,4,3, 20 , 51 ," 1,475 ", -   , 7 , 7 , 7 
0123.01,2018,1,0, 15 , 20 , 837 , -   , 9 , 6 , -   
0123.01,2018,1,1, 365 , 552 ," 1,007 ", 20 , 195 , 150 , -   
0123.01,2018,1,2, 382 , 896 ," 1,380 ", 30 , 137 , 208 , 10 
0123.01,2018,1,3, 10 , 10 ," 1,537 ", -   , 10 , -   , -   
0123.01,2018,2,2, 15 , 51 ," 1,628 ", -   , 9 , 6 , -   
0123.01,2018,2,3, 395 ," 1,641 "," 1,449 ", 35 , 190 , 135 , 35 
0123.01,2018,3,3, 20 , 76 ," 1,410 ", -   , 20 , -   , -   
0123.01,2018,4,2, 20 , 30 ," 1,308 ", 10 , 10 , -   , -   
0123.01,2018,4,3, 30 , 86 ," 1,639 ", 15 , -   , 15 , -   
0123.02,2018,1,1, 25 , 30 , 829 , 12 , -   , -   , 12 
0123.02,2018,1,2, 50 , 111 ," 1,186 ", -   , 20 , 20 , 10 
0123.02,2018,2,2, 50 , 101 ," 1,067 ", -   , -   , 50 , -   
0123.02,2018,2,3, 290 , 983 ," 1,546 ", 10 , 155 , 87 , 39 
0123.02,2018,3,3, 55 , 182 ," 1,611 ", -   , -   , 39 , 16 
0123.02,2018,4,1, 10 , 15 ," 1,041 ", 4 , 3 , 2 , 1 
0123.02,2018,4,2, 15 , 61 ," 1,425 ", -   , 7 , -   , 8 
0123.02,2018,4,3, 114 , 370 ," 1,821 ", 16 , 38 , 49 , 11 
0124.01,2018,1,1, 45 , 46 ," 1,069 ", -   , 11 , 34 , -   
0124.01,2018,1,2, 115 , 159 ," 1,393 ", 26 , 21 , 26 , 42 
0124.01,2018,1,3, 35 , 82 ," 1,516 ", 12 , 12 , 12 , -   
0124.01,2018,2,2, 10 , 10 ," 1,164 ", 1 , 3 , 4 , 2 
0124.01,2018,2,3, 100 , 318 ," 1,322 ", -   , 48 , 43 , 9 
0124.01,2018,4,2, 10 , 20 ," 1,318 ", -   , 10 , -   , -   
0124.01,2018,4,3, 10 , 41 ," 1,498 ", 10 , -   , -   , -   
0124.02,2018,1,1, 54 , 77 ," 1,031 ", -   , 15 , 40 , -   
0124.02,2018,1,2, 130 , 200 ," 1,412 ", 10 , 19 , 72 , 29 
0124.02,2018,1,3, 10 , 20 ," 1,226 ", 3 , 4 , 2 , 1 
0124.02,2018,2,2, 10 , 36 ," 1,137 ", 1 , 3 , 4 , 2 
0124.02,2018,2,3, 55 , 205 ," 1,518 ", -   , 20 , 35 , -   
0124.02,2018,3,3, 25 , 41 ," 1,416 ", -   , 12 , 12 , -   
0124.03,2018,1,1, 120 , 128 ," 2,010 ", -   , -   , -   , 120 
0124.03,2018,1,2, 85 , 154 ," 1,645 ", 9 , 9 , 24 , 42 
0124.03,2018,1,3, 10 , 26 ," 1,090 ", -   , -   , -   , 10 
0124.03,2018,4,3, 25 , 87 ," 1,490 ", -   , 8 , 17 , -   
0124.04,2018,2,2, 15 , 36 , 882 , -   , 6 , 9 , -   
0124.04,2018,2,3, 110 , 277 ," 1,470 ", -   , 45 , 55 , 10 
0124.04,2018,3,2, 10 , 10 ," 1,064 ", 4 , 3 , 1 , 2 
0124.04,2018,4,1, 10 , 10 , 894 , 4 , 3 , 2 , 1 
0124.04,2018,4,3, 15 , 61 ," 1,562 ", -   , 8 , 8 , -   
0125.01,2018,1,1, 35 , 35 ," 1,036 ", -   , 23 , 12 , -   
0125.01,2018,1,2, 205 , 415 ," 1,150 ", 25 , 140 , 40 , -   
0125.01,2018,1,3, 40 , 127 ," 1,336 ", -   , 31 , 9 , -   
0125.01,2018,2,3, 65 , 238 ," 1,449 ", 19 , 46 , -   , -   
0125.01,2018,3,3, 10 , 10 , 959 , 4 , 4 , 2 , 1 
0125.01,2018,4,3, 30 , 76 ," 1,490 ", -   , 21 , 9 , -   
0125.02,2018,1,1, 7 , 15 ," 1,152 ", -   , -   , 10 , -   
0125.02,2018,1,2, 55 , 127 ," 1,270 ", -   , 24 , -   , 31 
0125.02,2018,1,3, 9 , 35 ," 1,676 ", 3 , 4 , 2 , 1 
0125.02,2018,2,1, 20 , 41 , 948 , 7 , 7 , 7 , -   
0125.02,2018,2,2, 65 , 147 , 989 , 10 , 25 , 20 , 10 
0125.02,2018,2,3, 224 , 760 ," 1,355 ", 10 , 125 , 90 , -   
0125.02,2018,3,3, 10 , 10 ," 1,342 ", 10 , -   , -   , -   
0125.02,2018,4,3, 10 , 46 ," 1,223 ", 5 , 5 , -   , -   
0125.03,2018,2,3, 10 , 10 ," 1,449 ", 1 , 4 , 3 , 2 
0125.03,2018,3,2, 10 , 10 ," 1,137 ", 10 , -   , -   , -   
0125.03,2018,4,2, 10 , 15 ," 1,162 ", 10 , -   , -   , -   
0125.03,2018,4,3, 30 , 76 ," 1,472 ", 22 , -   , 8 , -   
0125.04,2018,4,1, 10 , 15 ," 1,714 ", 4 , 3 , 2 , 1 
0125.04,2018,4,2, 10 , 26 ," 1,441 ", -   , -   , -   , 10 
0125.04,2018,4,3, 35 , 138 ," 1,600 ", -   , 10 , 25 , -   
0125.05,2018,1,1, 29 , 31 , 914 , -   , 18 , 12 , -   
0125.05,2018,1,2, 15 , 46 ," 1,530 ", -   , 15 , -   , -   
0125.05,2018,2,2, 10 , 10 , 917 , -   , -   , 10 , -   
0125.05,2018,2,3, 30 , 56 ," 1,302 ", -   , 8 , 15 , 8 
0125.05,2018,3,2, 10 , 10 ," 1,114 ", 4 , 3 , 1 , 2 
0125.05,2018,3,3, 20 , 46 , 880 , -   , -   , 13 , 7 
0125.05,2018,4,1, 15 , 20 ," 2,282 ", -   , -   , 8 , 8 
0125.05,2018,4,2, 10 , 10 ," 1,363 ", -   , -   , -   , 10 
0125.05,2018,4,3, 20 , 77 ," 1,606 ", -   , 10 , 10 , -   
0125.06,2018,1,1, 15 , 26 , 767 , -   , 8 , 8 , -   
0125.06,2018,1,2, 96 , 123 ," 1,379 ", -   , 16 , -   , 80 
0125.06,2018,1,3, 30 , 97 ," 1,602 ", 8 , 8 , 15 , -   
0125.06,2018,2,2, 52 , 92 ," 1,517 ", -   , -   , 10 , 42 
0125.06,2018,2,3, 95 , 297 ," 1,866 ", -   , -   , 11 , 84 
0125.06,2018,3,3, 10 , 46 ," 1,338 ", -   , -   , 10 , -   
0125.06,2018,4,2, 20 , 61 ," 1,421 ", -   , -   , 10 , 10 
0125.06,2018,4,3, 25 , 102 ," 2,051 ", -   , 7 , 11 , 7 
0125.07,2018,1,1, 30 , 72 , 766 , -   , 30 , -   , -   
0125.07,2018,1,2, 120 , 282 ," 1,263 ", 9 , 23 , 46 , 42 
0125.07,2018,1,3, 70 , 215 , 970 , 10 , 15 , 45 , -   
0125.07,2018,2,3, 190 , 579 ," 1,717 ", -   , -   , 35 , 155 
0125.07,2018,3,3, 20 , 36 ," 1,669 ", 7 , 7 , 3 , 2 
0125.07,2018,4,3, 10 , 15 ," 1,505 ", -   , -   , 10 , -   
0125.08,2018,1,2, 15 , 26 ," 1,115 ", 3 , 6 , 3 , 2 
0125.08,2018,1,3, 20 , 61 , 682 , -   , 20 , -   , -   
0125.08,2018,2,2, 25 , 41 , 783 , -   , 10 , 15 , -   
0125.08,2018,2,3, 95 , 323 ," 1,372 ", -   , 25 , 70 , -   
0125.08,2018,3,2, 10 , 10 ," 1,091 ", 4 , 3 , 1 , 2 
0125.08,2018,4,2, 10 , 10 ," 1,444 ", 10 , -   , -   , -   
0125.08,2018,4,3, 35 , 138 ," 1,495 ", -   , 14 , 21 , -   
0125.09,2018,1,1, 9 , 10 ," 1,174 ", 2 , 5 , 2 , 1 
0125.09,2018,1,2, 25 , 36 ," 1,413 ", -   , -   , 25 , -   
0125.09,2018,1,3, 10 , 20 ," 1,708 ", 3 , 4 , 2 , 1 
0125.09,2018,2,2, 20 , 61 ," 1,562 ", -   , -   , 20 , -   
0125.09,2018,2,3, 250 , 825 ," 1,485 ", -   , 39 , 172 , 39 
0125.09,2018,4,2, 10 , 15 ," 1,582 ", -   , 5 , 5 , -   
0125.09,2018,4,3, 10 , 10 ," 1,793 ", 3 , 3 , 2 , 1 
0126.03,2018,1,1, 10 , 11 ," 1,274 ", -   , -   , -   , 10 
0126.03,2018,1,2, 55 , 123 ," 1,523 ", -   , -   , -   , 55 
0126.03,2018,2,3, 60 , 219 ," 1,893 ", -   , 10 , -   , 50 
0126.03,2018,3,3, 40 , 107 ," 2,033 ", -   , -   , -   , 40 
0126.03,2018,4,2, 10 , 27 ," 1,645 ", 5 , -   , -   , 5 
0126.03,2018,4,3, 65 , 219 ," 2,362 ", -   , -   , -   , 65 
0126.04,2018,1,2, 9 , 10 ," 2,513 ", 9 , -   , -   , -   
0126.04,2018,1,3, 10 , 10 ," 2,914 ", 3 , 4 , 2 , 1 
0126.04,2018,2,3, 35 , 77 ," 1,827 ", -   , -   , -   , 35 
0126.04,2018,3,1, 10 , 10 , 897 , 10 , -   , -   , -   
0126.04,2018,3,3, 10 , 10 ," 1,351 ", 4 , 4 , 2 , 1 
0126.04,2018,4,0, 10 , 3 ," 1,319 ", -   , 10 , -   , -   
0126.04,2018,4,1, 10 , 15 ," 1,065 ", -   , 5 , 5 , -   
0126.04,2018,4,2, 39 , 87 ," 1,266 ", 22 , 9 , 9 , -   
0126.04,2018,4,3, 103 , 343 ," 1,913 ", 57 , 19 , 19 , 10 
0126.04,2018,5,1, 10 , 10 , 530 , -   , 10 , -   , -   
0126.04,2018,5,2, 35 , 61 , 592 , -   , 15 , 20 , -   
0126.04,2018,5,3, 15 , 36 , 755 , 8 , -   , 8 , -   
0126.05,2018,1,2, 10 , 37 ," 1,496 ", -   , -   , -   , 10 
0126.05,2018,2,2, 10 , 11 ," 1,416 ", -   , -   , 10 , -   
0126.05,2018,2,3, 45 , 154 ," 1,642 ", -   , -   , 20 , 25 
0126.05,2018,3,2, 10 , 11 ," 1,829 ", -   , -   , -   , 10 
0126.05,2018,3,3, 15 , 37 ," 1,509 ", -   , -   , -   , 15 
0126.05,2018,4,2, 10 , 20 ," 1,611 ", 10 , -   , -   , -   
0126.05,2018,4,3, 25 , 69 ," 2,252 ", 8 , -   , 8 , 8 
0126.06,2018,1,2, 14 , 27 ," 1,413 ", -   , -   , -   , 15 
0126.06,2018,2,2, 10 , 27 ," 1,476 ", 1 , 3 , 4 , 2 
0126.06,2018,2,3, 104 , 378 ," 1,839 ", -   , -   , 10 , 95 
0126.06,2018,3,2, 10 , 11 , 995 , -   , -   , -   , 10 
0126.06,2018,4,2, 10 , 32 ," 1,709 ", -   , -   , -   , 10 
0126.06,2018,4,3, 10 , 37 ," 2,295 ", -   , -   , -   , 10 
0127.00,2018,1,1, 50 , 71 , 843 , 19 , 31 , -   , -   
0127.00,2018,1,2, 115 , 279 , 978 , 20 , 50 , 45 , -   
0127.00,2018,2,2, 10 , 22 ," 1,240 ", 1 , 3 , 4 , 2 
0127.00,2018,2,3, 370 , 856 ," 1,290 ", 91 , 223 , 41 , 15 
0127.00,2018,3,2, 10 , 20 ," 1,546 ", 10 , -   , -   , -   
0127.00,2018,3,3, 55 , 203 ," 1,549 ", 28 , 28 , -   , -   
0127.00,2018,4,2, 55 , 96 ," 1,461 ", 44 , 11 , -   , -   
0127.00,2018,4,3, 25 , 91 ," 1,994 ", 12 , 12 , -   , -   
0130.01,2018,1,1, 44 , 56 ," 3,580 ", -   , -   , -   , 45 
0130.01,2018,1,2, 45 , 76 ," 1,597 ", -   , -   , -   , 45 
0130.01,2018,2,2, 19 , 41 ," 1,645 ", -   , -   , -   , 19 
0130.01,2018,2,3, 10 , 20 ," 1,535 ", -   , -   , -   , 10 
0130.01,2018,3,1, 10 , 10 ," 1,169 ", -   , -   , 10 , -   
0130.01,2018,4,2, 10 , 10 ," 1,699 ", 4 , 3 , 1 , 1 
0130.01,2018,4,3, 70 , 197 ," 1,703 ", 19 , 38 , 13 , -   
0130.02,2018,1,1, 35 , 46 ," 1,160 ", -   , 9 , 26 , -   
0130.02,2018,1,2, 115 , 192 ," 1,335 ", -   , 20 , 95 , -   
0130.02,2018,1,3, 10 , 41 ," 1,032 ", 3 , 4 , 2 , 1 
0130.02,2018,2,2, 10 , 35 ," 1,609 ", -   , -   , 10 , -   
0130.02,2018,2,3, 375 ," 1,215 "," 1,453 ", 20 , 200 , 135 , 20 
0130.02,2018,3,2, 10 , 15 ," 1,265 ", -   , 5 , 5 , -   
0130.02,2018,3,3, 25 , 86 ," 1,241 ", -   , 12 , -   , 12 
0131.01,2018,1,0, 10 , 15 , 751 , -   , -   , 10 , -   
0131.01,2018,1,1, 355 , 410 , 865 , 25 , 125 , 125 , 80 
0131.01,2018,1,2, 245 , 446 ," 1,143 ", -   , 78 , 137 , 29 
0131.01,2018,1,3, 29 , 86 , 977 , -   , -   , 30 , -   
0131.01,2018,2,2, 20 , 20 , 905 , -   , 12 , 8 , -   
0131.01,2018,2,3, 265 , 982 ," 1,497 ", 20 , 130 , 95 , 20 
0131.01,2018,3,3, 40 , 182 ," 1,394 ", -   , 31 , 9 , -   
0131.01,2018,4,3, 49 , 177 ," 1,452 ", -   , 39 , 11 , -   
0131.02,2018,1,0, 10 , 10 , 787 , 3 , 5 , 2 , 1 
0131.02,2018,1,1, 249 , 339 , 969 , 40 , 145 , 55 , 10 
0131.02,2018,1,2, 255 , 628 ," 1,158 ", 55 , 145 , 45 , 10 
0131.02,2018,1,3, 25 , 106 , 917 , -   , 25 , -   , -   
0131.02,2018,2,2, 140 , 329 ," 1,356 ", 10 , 100 , 20 , 10 
0131.02,2018,2,3, 90 , 273 ," 1,493 ", 19 , 52 , 19 , -   
0131.02,2018,3,2, 10 , 17 ," 1,243 ", 4 , 3 , 1 , 2 
0131.02,2018,3,3, 40 , 147 ," 1,509 ", -   , 29 , 11 , -   
0131.02,2018,4,2, 15 , 35 ," 1,577 ", 15 , -   , -   , -   
0131.02,2018,4,3, 60 , 157 ," 1,477 ", 20 , 16 , 16 , 8 
0132.00,2018,1,0, 15 , 20 , 881 , -   , 15 , -   , -   
0132.00,2018,1,1, 235 , 359 ," 1,091 ", 25 , 130 , 40 , 40 
0132.00,2018,1,2, 710 ," 1,620 "," 1,213 ", 45 , 475 , 155 , 35 
0132.00,2018,1,3, 125 , 440 ," 1,402 ", 26 , 47 , 52 , -   
0132.00,2018,2,2, 40 , 116 ," 1,304 ", 8 , 24 , 8 , -   
0132.00,2018,2,3, 95 , 410 ," 1,577 ", 21 , 42 , 21 , 11 
0132.00,2018,3,3, 10 , 51 ," 1,158 ", -   , 5 , -   , 5 
0132.00,2018,4,3, 57 , 192 ," 1,496 ", 18 , 26 , 7 , 7 
0133.00,2018,1,0, 10 , 10 , 945 , -   , -   , 10 , -   
0133.00,2018,1,1, 145 , 213 ," 1,127 ", -   , 53 , 82 , 10 
0133.00,2018,1,2, 170 , 385 ," 1,348 ", -   , 41 , 82 , 46 
0133.00,2018,1,3, 10 , 35 ," 1,525 ", 10 , -   , -   , -   
0133.00,2018,2,1, 10 , 15 ," 1,157 ", 3 , 3 , 3 , 1 
0133.00,2018,2,2, 20 , 66 ," 1,660 ", -   , 6 , 9 , 6 
0133.00,2018,2,3, 145 , 461 ," 1,683 ", 10 , 50 , 40 , 45 
0133.00,2018,3,3, 10 , 25 ," 1,509 ", -   , -   , 10 , -   
0133.00,2018,4,2, 15 , 25 ," 1,110 ", 15 , -   , -   , -   
0133.00,2018,4,3, 147 , 461 ," 1,591 ", 35 , 94 , 10 , 10 
0134.00,2018,1,2, 9 , 10 ," 1,136 ", 2 , 4 , 2 , 1 
0134.00,2018,1,3, 10 , 20 ," 1,633 ", -   , 10 , -   , -   
0134.00,2018,2,2, 10 , 41 ," 1,673 ", -   , -   , 5 , 5 
0134.00,2018,2,3, 125 , 344 ," 1,557 ", 9 , 80 , 27 , 9 
0134.00,2018,3,3, 25 , 71 ," 1,213 ", 10 , 15 , -   , -   
0134.00,2018,4,2, 20 , 30 ," 1,104 ", 8 , 12 , -   , -   
0134.00,2018,4,3, 100 , 309 ," 1,456 ", 53 , 47 , -   , -   
0135.01,2018,1,0, 10 , 11 , 827 , 3 , 5 , 2 , 1 
0135.01,2018,1,1, 70 , 65 , 899 , 11 , 22 , 32 , 5 
0135.01,2018,1,2, 190 , 226 ," 1,259 ", -   , 52 , 73 , 65 
0135.01,2018,2,2, 30 , 65 ," 1,260 ", -   , -   , 30 , -   
0135.01,2018,2,3, 635 ," 2,012 "," 1,486 ", 45 , 327 , 253 , 10 
0135.01,2018,3,2, 15 , 20 ," 1,008 ", -   , 15 , -   , -   
0135.01,2018,3,3, 30 , 90 ," 1,169 ", -   , 18 , 12 , -   
0135.01,2018,4,2, 10 , 10 ," 1,410 ", -   , -   , 10 , -   
0135.01,2018,4,3, 35 , 156 ," 1,409 ", -   , 20 , 15 , -   
0135.02,2018,1,1, 80 , 100 ," 1,075 ", 11 , 53 , 16 , -   
0135.02,2018,1,2, 105 , 216 ," 1,228 ", -   , 79 , 26 , -   
0135.02,2018,1,3, 35 , 85 ," 1,136 ", -   , 26 , 9 , -   
0135.02,2018,2,2, 15 , 40 ," 1,633 ", -   , 15 , -   , -   
0135.02,2018,2,3, 90 , 211 ," 1,353 ", 18 , 50 , 22 , -   
0135.02,2018,4,3, 30 , 70 ," 1,554 ", -   , 15 , 8 , 8 
0135.03,2018,2,1, 10 , 10 , 862 , -   , -   , 10 , -   
0135.03,2018,2,2, 55 , 110 ," 1,169 ", 11 , 44 , -   , -   
0135.03,2018,2,3, 70 , 231 ," 1,201 ", 18 , 41 , 12 , -   
0135.03,2018,3,2, 10 , 17 ," 1,094 ", 10 , -   , -   , -   
0135.03,2018,4,3, 50 , 191 ," 1,347 ", 11 , 39 , -   , -   
0136.01,2018,1,1, 20 , 30 , 877 , 7 , 13 , -   , -   
0136.01,2018,1,2, 29 , 40 , 906 , 12 , 17 , -   , -   
0136.01,2018,2,3, 120 , 351 ," 1,396 ", -   , 86 , 34 , -   
0136.01,2018,3,3, 10 , 10 ," 1,314 ", 4 , 4 , 2 , 1 
0136.01,2018,4,1, 10 , 15 , 765 , -   , 10 , -   , -   
0136.01,2018,4,3, 60 , 166 ," 1,314 ", 22 , 38 , -   , -   
0136.02,2018,1,1, 45 , 50 ," 1,194 ", 8 , -   , 37 , -   
0136.02,2018,1,2, 60 , 95 , 877 , -   , 22 , 38 , -   
0136.02,2018,1,3, 15 , 65 ," 1,026 ", -   , 15 , -   , -   
0136.02,2018,2,1, 15 , 15 ," 1,061 ", -   , -   , 15 , -   
0136.02,2018,2,2, 95 , 196 ," 1,399 ", 10 , 15 , 35 , 35 
0136.02,2018,2,3, 190 , 557 ," 1,364 ", -   , 105 , 70 , 15 
0136.02,2018,3,2, 10 , 20 ," 1,434 ", 4 , 3 , 1 , 2 
0136.02,2018,3,3, 25 , 70 ," 1,383 ", -   , 25 , -   , -   
0136.02,2018,5,3, 10 , 15 , 811 , 3 , 3 , 3 , -   
0137.02,2018,1,1, 55 , 85 ," 1,146 ", -   , 22 , 33 , -   
0137.02,2018,1,2, 145 , 256 ," 1,394 ", -   , 40 , 95 , 10 
0137.02,2018,2,2, 24 , 45 ," 1,184 ", -   , -   , 25 , -   
0137.02,2018,2,3, 60 , 171 ," 1,431 ", -   , 38 , 22 , -   
0137.02,2018,4,3, 25 , 55 ," 1,347 ", -   , 25 , -   , -   
0137.03,2018,4,3, 9 , 15 ," 1,736 ", -   , -   , -   , 9 
0137.04,2018,1,1, 50 , 55 ," 1,100 ", 8 , 33 , 8 , -   
0137.04,2018,1,2, 25 , 45 ," 1,174 ", 7 , 11 , 7 , -   
0137.04,2018,2,2, 45 , 105 ," 1,472 ", -   , 28 , 17 , -   
0137.04,2018,2,3, 85 , 226 ," 1,407 ", 11 , 64 , 11 , -   
0137.04,2018,3,3, 10 , 15 ," 1,058 ", 4 , 4 , 2 , 1 
0137.05,2018,1,1, 30 , 25 , 958 , 10 , -   , 20 , -   
0137.05,2018,1,2, 153 , 306 ," 1,420 ", -   , -   , 20 , 133 
0137.05,2018,2,1, 20 , 25 , 841 , -   , -   , 12 , 8 
0137.05,2018,2,2, 105 , 241 ," 1,169 ", -   , 20 , 75 , 10 
0137.05,2018,2,3, 259 , 798 ," 1,377 ", -   , 25 , 179 , 55 
0138.00,2018,1,0, 20 , 25 , 854 , -   , 20 , -   , -   
0138.00,2018,1,1, 630 ," 1,118 "," 1,113 ", 60 , 392 , 144 , 35 
0138.00,2018,1,2, 730 ," 1,826 "," 1,201 ", 85 , 455 , 165 , 25 
0138.00,2018,1,3, 15 , 46 ," 1,356 ", 6 , -   , 9 , -   
0138.00,2018,2,1, 10 , 15 ," 1,035 ", 10 , -   , -   , -   
0138.00,2018,2,2, 295 , 900 ," 1,411 ", 35 , 195 , 65 , -   
0138.00,2018,2,3, 650 ," 2,670 "," 1,542 ", 113 , 428 , 88 , 21 
0138.00,2018,4,3, 10 , 20 ," 1,584 ", -   , -   , 10 , -   
0138.00,2018,5,1, 10 , 7 , 612 , -   , 10 , -   , -   
0139.00,2018,1,1, 10 , 10 ," 1,284 ", 2 , 5 , 2 , 1 
0139.00,2018,1,2, 95 , 152 ," 1,492 ", 10 , 65 , 20 , -   
0139.00,2018,2,3, 45 , 147 ," 1,425 ", -   , 30 , 15 , -   
0139.00,2018,3,3, 10 , 10 ," 2,050 ", 4 , 4 , 2 , 1 
0139.00,2018,4,2, 9 , 30 ," 1,282 ", 5 , -   , 5 , -   
0139.00,2018,4,3, 69 , 248 ," 1,580 ", 12 , 46 , 12 , -   
0140.03,2018,1,1, 10 , 10 ," 1,108 ", 2 , 5 , 2 , 1 
0140.03,2018,1,2, 15 , 26 ," 1,378 ", -   , -   , -   , 15 
0140.03,2018,2,3, 55 , 202 ," 1,012 ", -   , 25 , 21 , 8 
0140.03,2018,4,3, 10 , 57 ," 1,517 ", -   , -   , 10 , -   
0140.04,2018,2,3, 30 , 73 ," 1,396 ", -   , 15 , 15 , -   
0140.04,2018,4,3, 29 , 83 ," 1,530 ", -   , -   , 30 , -   
0140.05,2018,2,3, 70 , 202 ," 1,399 ", -   , 15 , 55 , -   
0140.05,2018,3,3, 20 , 47 ," 1,289 ", -   , 10 , 10 , -   
0140.05,2018,4,3, 19 , 57 ," 1,589 ", -   , -   , 20 , -   
0140.06,2018,4,3, 28 , 62 ," 1,429 ", -   , 15 , 15 , -   
0140.07,2018,1,2, 30 , 36 ," 1,150 ", -   , -   , 20 , 10 
0140.07,2018,2,2, 20 , 52 ," 1,286 ", -   , 10 , 10 , -   
0140.07,2018,2,3, 100 , 301 ," 1,368 ", 9 , 57 , 35 , -   
0140.07,2018,3,3, 10 , 73 ," 1,303 ", -   , 10 , -   , -   
0141.04,2018,2,3, 45 , 109 ," 1,355 ", -   , -   , 8 , 37 
0141.05,2018,1,1, 8 , 10 ," 1,371 ", null , null , null , -   
0141.05,2018,1,2, 34 , 26 ," 1,597 ", 3 , 6 , 3 , 21 
0141.05,2018,1,3, 23 , 16 ," 1,880 ", null , null , null , -   
0141.05,2018,2,1, 25 , 41 ," 1,005 ", -   , -   , 10 , 15 
0141.05,2018,2,2, 75 , 150 ," 1,340 ", -   , -   , 40 , 35 
0141.05,2018,2,3, 290 , 996 ," 1,509 ", -   , 16 , 169 , 105 
0141.05,2018,3,3, 55 , 197 ," 1,662 ", -   , -   , 31 , 24 
0141.05,2018,4,3, 34 , 135 ," 1,934 ", -   , 9 , 26 , -   
0141.08,2018,2,3, 65 , 258 ," 1,545 ", -   , 10 , 25 , 30 
0141.08,2018,3,1, 10 , 10 ," 1,122 ", 4 , 3 , 2 , 1 
0141.08,2018,4,2, 10 , 25 , 986 , -   , -   , 10 , -   
0141.08,2018,4,3, 40 , 127 ," 1,790 ", -   , -   , 40 , -   
0141.09,2018,1,1, 10 , 16 ," 1,315 ", -   , -   , -   , 10 
0141.09,2018,1,2, 160 , 311 ," 1,386 ", -   , -   , -   , 160 
0141.09,2018,1,3, 20 , 36 ," 1,353 ", -   , 8 , -   , 12 
0141.09,2018,2,2, 125 , 249 ," 1,580 ", -   , -   , 40 , 85 
0141.09,2018,2,3, 215 , 695 ," 1,718 ", -   , 10 , 67 , 139 
0141.09,2018,3,3, 10 , 26 ," 2,059 ", -   , -   , -   , 10 
0141.09,2018,4,3, 35 , 140 ," 1,995 ", -   , -   , 9 , 26 
0141.10,2018,2,3, 80 , 296 ," 1,615 ", -   , -   , 48 , 32 
0141.10,2018,3,3, 10 , 52 ," 1,776 ", -   , -   , -   , 10 
0141.10,2018,4,1, 10 , 10 ," 1,053 ", 4 , 3 , 2 , 1 
0141.10,2018,4,3, 20 , 119 ," 1,851 ", -   , 7 , -   , 13 
0141.11,2018,1,1, 1 , 10 ," 1,318 ", null , null , null , -   
0141.11,2018,1,2, 157 , 311 ," 1,525 ", -   , -   , 10 , 147 
0141.11,2018,2,2, 15 , 36 ," 1,496 ", -   , -   , -   , 15 
0141.11,2018,2,3, 185 , 695 ," 1,636 ", -   , -   , 60 , 125 
0141.11,2018,3,2, 10 , 17 ," 1,508 ", 4 , 3 , 1 , 2 
0141.11,2018,3,3, 20 , 88 ," 1,739 ", -   , -   , -   , 20 
0141.11,2018,4,3, 9 , 52 ," 1,982 ", -   , -   , -   , 10 
0141.12,2018,1,1, 15 , 16 ," 1,227 ", -   , -   , -   , 15 
0141.12,2018,1,2, 181 , 405 ," 1,438 ", -   , -   , -   , 181 
0141.12,2018,2,1, 10 , 16 ," 1,151 ", 3 , 3 , 3 , 1 
0141.12,2018,2,2, 145 , 316 ," 1,486 ", -   , -   , 10 , 135 
0141.12,2018,2,3, 275 , 949 ," 1,844 ", -   , -   , 10 , 265 
0141.12,2018,3,3, 25 , 62 ," 1,815 ", -   , -   , -   , 25 
0141.12,2018,4,3, 80 , 290 ," 2,082 ", -   , 9 , -   , 71 
0141.13,2018,2,3, 99 , 347 ," 1,711 ", -   , -   , -   , 100 
0141.13,2018,4,3, 53 , 171 ," 1,971 ", 11 , -   , -   , 44 
0141.14,2018,2,3, 10 , 20 ," 1,686 ", -   , -   , -   , 10 
0141.14,2018,4,2, 30 , 61 ," 1,402 ", 13 , 9 , 9 , -   
0141.14,2018,4,3, 80 , 214 ," 2,154 ", 60 , 10 , -   , 10 
0141.15,2018,1,1, 20 , 10 ," 1,278 ", 2 , 5 , 2 , 11 
0141.15,2018,1,2, 81 , 161 ," 1,423 ", -   , -   , -   , 81 
0141.15,2018,1,3, 23 , 21 ," 2,140 ", -   , -   , -   , 23 
0141.15,2018,2,2, 125 , 280 ," 1,523 ", -   , -   , -   , 125 
0141.15,2018,2,3, 365 ," 1,100 "," 1,792 ", -   , -   , 10 , 355 
0141.15,2018,4,2, 9 , 16 ," 1,824 ", -   , -   , -   , 9 
0141.15,2018,4,3, 74 , 249 ," 2,360 ", -   , -   , -   , 74 
0151.03,2018,1,1, 55 , 71 , 654 , 22 , 33 , -   , -   
0151.03,2018,1,2, 50 , 71 ," 1,043 ", 10 , 10 , 30 , -   
0151.03,2018,1,3, 25 , 76 ," 1,110 ", 11 , 7 , 7 , -   
0151.03,2018,2,3, 10 , 15 , 983 , -   , 10 , -   , -   
0151.03,2018,3,1, 10 , 10 , 715 , 4 , 3 , 2 , 1 
0151.03,2018,3,3, 10 , 10 , 922 , -   , -   , 10 , -   
0151.03,2018,4,2, 15 , 20 ," 1,246 ", -   , 15 , -   , -   
0151.03,2018,4,3, 40 , 101 ," 1,782 ", 17 , 23 , -   , -   
0151.04,2018,1,1, 35 , 36 ," 1,092 ", 15 , -   , 20 , -   
0151.04,2018,1,2, 10 , 21 ," 1,236 ", -   , -   , 10 , -   
0151.04,2018,2,3, 15 , 41 ," 1,132 ", -   , -   , 15 , -   
0151.04,2018,3,3, 10 , 16 , 871 , 4 , 4 , 2 , 1 
0151.04,2018,4,1, 10 , 10 ," 1,036 ", 10 , -   , -   , -   
0151.04,2018,4,3, 45 , 197 ," 1,832 ", 8 , 20 , 8 , 8 
0151.05,2018,2,2, 10 , 10 ," 1,240 ", 1 , 3 , 4 , 2 
0151.05,2018,2,3, 15 , 52 ," 1,241 ", -   , 8 , 8 , -   
0151.05,2018,4,3, 15 , 26 ," 1,669 ", -   , 8 , -   , 8 
0151.06,2018,1,1, 55 , 57 , 891 , -   , 11 , 22 , 22 
0151.06,2018,1,2, 20 , 41 ," 1,493 ", 7 , -   , -   , 13 
0151.06,2018,2,1, 10 , 21 , 837 , -   , -   , -   , 10 
0151.06,2018,2,3, 10 , 10 ," 1,415 ", 1 , 4 , 3 , 2 
0151.06,2018,4,3, 29 , 88 ," 2,208 ", 8 , 15 , 8 , -   
0151.07,2018,1,1, 10 , 10 ," 1,162 ", 2 , 5 , 2 , 1 
0151.07,2018,1,2, 55 , 98 ," 1,289 ", -   , -   , -   , 55 
0151.07,2018,2,3, 30 , 67 ," 1,684 ", -   , -   , -   , 30 
0151.07,2018,3,3, 10 , 36 ," 1,347 ", 4 , 4 , 2 , 1 
0151.07,2018,4,1, 10 , 10 ," 1,222 ", 4 , 3 , 2 , 1 
0151.07,2018,4,3, 102 , 378 ," 2,168 ", -   , 21 , 10 , 72 
0151.08,2018,1,2, 48 , 109 ," 1,449 ", -   , -   , -   , 48 
0151.08,2018,1,3, 2 , 6 ," 1,757 ", null , null , null , -   
0151.08,2018,2,3, 80 , 264 ," 1,783 ", -   , -   , -   , 80 
0151.08,2018,4,2, 15 , 26 ," 1,275 ", -   , 15 , -   , -   
0151.08,2018,4,3, 30 , 93 ," 2,112 ", -   , -   , 15 , 15 
0151.09,2018,4,2, 25 , 71 ," 1,367 ", 15 , 10 , -   , -   
0151.09,2018,4,3, 75 , 197 ," 1,739 ", 50 , 25 , -   , -   
0160.02,2018,1,1, 95 , 109 , 918 , -   , 50 , 45 , -   
0160.02,2018,1,2, 155 , 305 ," 1,253 ", 15 , 50 , 85 , 5 
0160.02,2018,1,3, 6 , 18 ," 1,395 ", null , null , null , -   
0160.02,2018,2,2, 80 , 150 ," 1,492 ", -   , 70 , 10 , -   
0160.02,2018,2,3, 220 , 730 ," 1,564 ", 15 , 156 , 39 , 10 
0160.02,2018,4,3, 24 , 52 ," 1,576 ", -   , 25 , -   , -   
0160.03,2018,1,2, 50 , 88 ," 1,390 ", -   , -   , -   , 50 
0160.03,2018,1,3, 1 , 4 ," 1,727 ", null , null , null , -   
0160.03,2018,2,2, 10 , 21 ," 1,409 ", -   , -   , -   , 10 
0160.03,2018,2,3, 179 , 492 ," 1,730 ", -   , -   , 10 , 170 
0160.03,2018,3,2, 10 , 10 , 981 , 4 , 3 , 1 , 2 
0160.03,2018,3,3, 10 , 16 , 728 , -   , -   , -   , 10 
0160.03,2018,4,0, 10 , 3 ," 1,579 ", 10 , -   , -   , -   
0160.03,2018,4,3, 49 , 166 ," 2,258 ", -   , -   , 9 , 40 
0160.04,2018,1,1, 19 , 21 , 892 , -   , -   , 13 , 7 
0160.04,2018,1,2, 30 , 52 ," 1,024 ", -   , -   , 30 , -   
0160.04,2018,1,3, 10 , 21 ," 1,236 ", -   , -   , 10 , -   
0160.04,2018,2,2, 65 , 135 ," 1,297 ", -   , 14 , 42 , 9 
0160.04,2018,2,3, 275 , 797 ," 1,441 ", -   , 105 , 160 , 10 
0160.04,2018,3,3, 10 , 10 , 891 , 4 , 4 , 2 , 1 
0160.04,2018,4,3, 20 , 72 ," 1,485 ", -   , -   , 20 , -   
0160.05,2018,1,1, 45 , 52 ," 1,020 ", 9 , 14 , 22 , -   
0160.05,2018,1,2, 135 , 223 ," 1,170 ", -   , 63 , 72 , -   
0160.05,2018,1,3, 10 , 47 ," 1,547 ", -   , 5 , 5 , -   
0160.05,2018,2,3, 20 , 47 ," 1,356 ", -   , -   , 20 , -   
0160.05,2018,4,2, 10 , 31 , 945 , -   , -   , 10 , -   
0160.05,2018,4,3, 9 , 31 ," 1,523 ", 9 , -   , -   , -   
0160.06,2018,1,1, 329 , 450 ," 1,834 ", -   , -   , 15 , 315 
0160.06,2018,1,2, 480 , 833 ," 2,049 ", -   , 10 , 36 , 434 
0160.06,2018,1,3, 25 , 47 ," 1,282 ", -   , -   , -   , 25 
0160.06,2018,2,2, 19 , 57 ," 1,366 ", -   , -   , 10 , 10 
0160.06,2018,2,3, 185 , 538 ," 1,482 ", -   , 16 , 100 , 69 
0160.06,2018,4,3, 10 , 21 ," 1,692 ", 3 , 3 , 2 , 1 
0160.06,2018,5,2, 10 , 10 ," 1,065 ", -   , 3 , 4 , 2 
0160.07,2018,1,2, 15 , 16 ," 1,178 ", -   , -   , 15 , -   
0160.07,2018,2,2, 25 , 47 ," 1,160 ", -   , -   , 12 , 12 
0160.07,2018,2,3, 74 , 181 ," 1,492 ", -   , -   , 48 , 27 
0160.07,2018,4,3, 20 , 41 ," 1,820 ", -   , -   , 10 , 10 
0160.09,2018,1,2, 10 , 20 ," 1,610 ", 2 , 4 , 2 , 1 
0160.09,2018,4,3, 49 , 129 ," 2,085 ", 21 , 21 , 8 , -   
0160.10,2018,1,2, 15 , 36 ," 1,554 ", -   , -   , -   , 15 
0160.10,2018,2,2, 10 , 36 ," 1,395 ", -   , -   , -   , 10 
0160.10,2018,2,3, 244 , 745 ," 1,721 ", -   , -   , 52 , 193 
0160.10,2018,4,3, 45 , 171 ," 1,880 ", -   , -   , 11 , 34 
0160.11,2018,1,1, 25 , 36 ," 1,160 ", -   , -   , -   , 25 
0160.11,2018,1,2, 40 , 78 , 986 , -   , 10 , -   , 30 
0160.11,2018,2,2, 10 , 31 ," 1,403 ", -   , -   , 5 , 5 
0160.11,2018,2,3, 174 , 538 ," 1,668 ", -   , 10 , 36 , 129 
0160.11,2018,4,3, 25 , 114 ," 2,113 ", 7 , -   , -   , 18 
0161.03,2018,1,2, 10 , 20 ," 1,049 ", 2 , 4 , 2 , 1 
0161.03,2018,2,1, 10 , 10 ," 1,026 ", -   , -   , 10 , -   
0161.03,2018,2,2, 40 , 93 , 863 , -   , -   , 40 , -   
0161.03,2018,2,3, 145 , 518 ," 1,530 ", -   , 15 , 120 , 10 
0161.03,2018,4,1, 10 , 10 , 903 , -   , 10 , -   , -   
0161.03,2018,4,2, 20 , 26 ," 1,192 ", -   , -   , 20 , -   
0161.03,2018,4,3, 20 , 88 ," 1,602 ", -   , -   , 20 , -   
0161.04,2018,1,2, 10 , 21 ," 1,634 ", -   , -   , -   , 10 
0161.04,2018,2,3, 84 , 238 ," 1,139 ", -   , 11 , 58 , 16 
0161.04,2018,4,2, 10 , 10 ," 1,383 ", 4 , 3 , 1 , 1 
0161.04,2018,4,3, 14 , 83 ," 1,887 ", -   , -   , 15 , -   
0161.05,2018,2,2, 10 , 10 ," 1,437 ", 1 , 3 , 4 , 2 
0161.05,2018,2,3, 114 , 352 ," 1,787 ", -   , -   , 33 , 81 
0161.05,2018,3,3, 10 , 10 ," 1,124 ", 4 , 4 , 2 , 1 
0161.05,2018,4,3, 38 , 124 ," 1,745 ", -   , 9 , 30 , -   
0161.06,2018,1,1, 10 , 13 ," 1,153 ", 2 , 5 , 2 , 1 
0161.06,2018,1,2, 45 , 72 ," 1,347 ", -   , -   , -   , 45 
0161.06,2018,2,2, 70 , 129 ," 1,436 ", -   , -   , 16 , 54 
0161.06,2018,2,3, 175 , 559 ," 1,717 ", -   , 16 , 90 , 69 
0161.06,2018,4,2, 8 , 26 ," 1,173 ", -   , -   , 10 , -   
0161.06,2018,4,3, 29 , 83 ," 2,060 ", -   , -   , -   , 29 
0162.01,2018,1,2, 10 , 10 ," 1,183 ", -   , -   , -   , 10 
0162.01,2018,2,2, 10 , 16 ," 1,531 ", 1 , 3 , 4 , 2 
0162.01,2018,2,3, 189 , 580 ," 1,871 ", -   , 55 , 70 , 65 
0162.01,2018,3,3, 60 , 171 ," 1,581 ", 12 , -   , 24 , 24 
0162.01,2018,4,3, 45 , 129 ," 1,392 ", -   , 36 , 9 , -   
0162.02,2018,2,2, 35 , 67 , 957 , -   , -   , 35 , -   
0162.02,2018,2,3, 89 , 300 ," 1,458 ", -   , 13 , 51 , 26 
0162.02,2018,3,2, 10 , 16 ," 1,360 ", -   , 5 , 5 , -   
0162.02,2018,3,3, 60 , 228 ," 1,237 ", -   , 48 , 12 , -   
0162.02,2018,4,3, 35 , 104 ," 1,389 ", -   , 10 , 25 , -   
0170.01,2018,1,1, 10 , 10 ," 1,376 ", 2 , 5 , 2 , 1 
0170.01,2018,1,2, 47 , 41 ," 1,549 ", -   , 9 , -   , 38 
0170.01,2018,1,3, 31 , 26 ," 1,912 ", -   , -   , 10 , 21 
0170.01,2018,2,2, 34 , 92 ," 1,567 ", -   , -   , 9 , 26 
0170.01,2018,2,3, 85 , 251 ," 1,391 ", -   , 42 , 24 , 19 
0170.01,2018,3,3, 10 , 31 ," 1,102 ", 4 , 4 , 2 , 1 
0170.01,2018,4,3, 28 , 67 ," 1,406 ", -   , 29 , -   , -   
0170.03,2018,2,1, 10 , 10 , 995 , -   , 10 , -   , -   
0170.03,2018,2,3, 15 , 31 ," 1,556 ", -   , -   , 15 , -   
0170.03,2018,3,3, 10 , 26 ," 1,431 ", -   , 5 , -   , 5 
0170.03,2018,4,2, 10 , 26 ," 1,522 ", 4 , 3 , 1 , 1 
0170.03,2018,4,3, 45 , 128 ," 1,467 ", -   , 20 , 25 , -   
0170.04,2018,1,1, 15 , 10 , 957 , -   , 8 , 8 , -   
0170.04,2018,1,2, 10 , 20 ," 1,190 ", 2 , 4 , 2 , 1 
0170.04,2018,2,3, 20 , 51 ," 1,405 ", -   , -   , 20 , -   
0170.04,2018,4,2, 20 , 26 ," 1,303 ", -   , -   , -   , 20 
0170.04,2018,4,3, 55 , 149 ," 1,462 ", -   , 25 , 30 , -   
0170.05,2018,2,3, 60 , 225 ," 1,477 ", -   , 26 , 26 , 9 
0170.05,2018,4,3, 29 , 102 ," 1,590 ", -   , 12 , 18 , -   
0170.08,2018,2,3, 10 , 10 ," 1,334 ", 1 , 4 , 3 , 2 
0170.09,2018,2,1, 20 , 41 ," 1,257 ", -   , -   , 20 , -   
0170.09,2018,2,2, 15 , 26 ," 1,274 ", -   , 8 , 8 , -   
0170.09,2018,2,3, 85 , 236 ," 1,461 ", -   , 16 , 69 , -   
0170.09,2018,4,1, 10 , 10 , 953 , 4 , 3 , 2 , 1 
0170.09,2018,4,3, 35 , 138 ," 1,686 ", -   , -   , 35 , -   
0170.10,2018,1,1, 100 , 123 ," 1,036 ", -   , 10 , 40 , 50 
0170.10,2018,1,2, 120 , 215 ," 1,263 ", 9 , -   , 55 , 55 
0170.10,2018,2,1, 10 , 10 ," 1,038 ", 3 , 3 , 3 , 1 
0170.10,2018,2,3, 30 , 108 ," 1,461 ", -   , 13 , 17 , -   
0170.10,2018,4,3, 30 , 67 ," 1,694 ", -   , -   , 30 , -   
0170.11,2018,2,2, 20 , 51 ," 1,351 ", -   , -   , 10 , 10 
0170.11,2018,2,3, 40 , 67 ," 1,117 ", -   , -   , 40 , -   
0170.11,2018,4,2, 9 , 19 ," 1,368 ", 4 , 3 , 1 , 1 
0170.11,2018,4,3, 10 , 46 ," 1,839 ", -   , 5 , 5 , -   
0170.12,2018,2,2, 10 , 15 ," 1,676 ", 1 , 3 , 4 , 2 
0170.12,2018,2,3, 94 , 323 ," 1,669 ", -   , -   , 33 , 62 
0170.13,2018,2,3, 95 , 292 ," 1,572 ", -   , -   , 80 , 15 
0170.13,2018,4,3, 14 , 61 ," 2,037 ", -   , -   , 7 , 7 
0171.03,2018,1,1, 20 , 36 ," 1,024 ", -   , 7 , 7 , 7 
0171.03,2018,1,2, 20 , 30 ," 1,517 ", 10 , 10 , -   , -   
0171.03,2018,3,1, 25 , 30 , 844 , 6 , 6 , 6 , 6 
0171.03,2018,3,3, 20 , 66 ," 1,120 ", 10 , 10 , -   , -   
0171.03,2018,4,1, 20 , 36 ," 1,012 ", 8 , -   , 12 , -   
0171.03,2018,4,2, 54 , 96 ," 1,285 ", 29 , 15 , -   , 10 
0171.03,2018,4,3, 104 , 299 ," 1,737 ", 38 , 38 , 28 , -   
0171.05,2018,1,1, 10 , 15 ," 1,418 ", -   , -   , -   , 10 
0171.05,2018,1,2, 20 , 46 ," 1,507 ", -   , 8 , -   , 12 
0171.05,2018,2,2, 10 , 15 ," 1,686 ", -   , -   , -   , 10 
0171.05,2018,2,3, 90 , 259 ," 1,892 ", -   , -   , 10 , 80 
0171.05,2018,3,2, 10 , 10 ," 1,645 ", 4 , 3 , 1 , 2 
0171.05,2018,3,3, 10 , 15 ," 1,963 ", 4 , 4 , 2 , 1 
0171.05,2018,4,2, 44 , 56 ," 1,329 ", -   , -   , -   , 45 
0171.05,2018,4,3, 9 , 25 ," 2,364 ", -   , -   , -   , 9 
0171.06,2018,1,1, 39 , 51 , 531 , -   , 29 , 11 , -   
0171.06,2018,1,2, 30 , 46 ," 1,002 ", 9 , 13 , 9 , -   
0171.06,2018,1,3, 15 , 41 , 981 , 8 , 8 , -   , -   
0171.06,2018,2,2, 10 , 10 , 809 , 1 , 3 , 4 , 2 
0171.06,2018,2,3, 10 , 20 ," 1,857 ", -   , -   , 10 , -   
0171.06,2018,3,2, 15 , 15 , 776 , -   , 8 , 8 , -   
0171.06,2018,4,1, 10 , 20 ," 1,517 ", 4 , 3 , 2 , 1 
0171.06,2018,4,2, 65 , 123 ," 1,247 ", 23 , 14 , 14 , 14 
0171.06,2018,4,3, 79 , 195 ," 1,858 ", 40 , 25 , 15 , -   
0171.07,2018,2,2, 10 , 31 ," 1,480 ", -   , -   , 10 , -   
0171.07,2018,2,3, 69 , 241 ," 1,682 ", -   , -   , 22 , 48 
0171.07,2018,4,3, 25 , 87 ," 2,035 ", -   , -   , -   , 25 
0171.09,2018,1,1, 19 , 26 ," 1,109 ", -   , -   , -   , 19 
0171.09,2018,1,2, 127 , 272 ," 1,565 ", -   , 10 , 10 , 108 
0171.09,2018,2,2, 20 , 31 ," 1,398 ", -   , -   , -   , 20 
0171.09,2018,2,3, 198 , 641 ," 1,866 ", -   , -   , -   , 199 
0171.09,2018,4,3, 20 , 92 ," 2,340 ", 5 , -   , -   , 15 
0171.10,2018,1,1, 15 , 26 ," 1,248 ", -   , -   , -   , 15 
0171.10,2018,1,2, 145 , 287 ," 1,364 ", -   , -   , 15 , 130 
0171.10,2018,2,2, 50 , 118 ," 1,675 ", -   , -   , -   , 50 
0171.10,2018,2,3, 165 , 507 ," 1,808 ", -   , -   , -   , 165 
0171.10,2018,4,3, 30 , 97 ," 2,391 ", -   , -   , -   , 30 
0180.01,2018,1,0, 1 , 1 , 753 , null , null , null , -   
0180.01,2018,1,1, 136 , 152 , 746 , 20 , 55 , 30 , 31 
0180.01,2018,1,2, 301 , 462 ," 1,130 ", 26 , 61 , 61 , 154 
0180.01,2018,1,3, 49 , 122 ," 1,078 ", 10 , 20 , 10 , 9 
0180.01,2018,2,2, 50 , 96 ," 1,006 ", -   , 11 , 39 , -   
0180.01,2018,2,3, 25 , 81 ," 1,168 ", -   , 12 , 12 , -   
0180.01,2018,3,2, 25 , 66 , 979 , 10 , -   , 15 , -   
0180.01,2018,3,3, 65 , 243 ," 1,607 ", -   , 25 , 30 , 10 
0180.01,2018,4,2, 30 , 61 ," 1,350 ", 8 , 8 , 8 , 8 
0180.01,2018,4,3, 105 , 370 ," 1,788 ", 21 , 21 , 37 , 26 
0180.02,2018,1,1, 100 , 117 , 896 , 14 , 19 , 48 , 19 
0180.02,2018,1,2, 225 , 360 ," 1,184 ", 34 , 39 , 68 , 83 
0180.02,2018,1,3, 25 , 91 ," 1,444 ", -   , -   , 25 , -   
0180.02,2018,2,1, 10 , 18 , 959 , 3 , 3 , 3 , 2 
0180.02,2018,2,2, 29 , 61 ," 1,202 ", -   , -   , 10 , 19 
0180.02,2018,2,3, 36 , 91 ," 1,567 ", -   , 9 , 9 , 18 
0180.02,2018,3,2, 15 , 25 , 955 , -   , 5 , 5 , 5 
0180.02,2018,4,2, 10 , 20 ," 1,075 ", -   , 5 , 5 , -   
0180.02,2018,4,3, 95 , 274 ," 1,565 ", 20 , 45 , 30 , -   
0181.01,2018,1,1, 40 , 46 , 692 , 13 , 27 , -   , -   
0181.01,2018,1,2, 10 , 10 ," 1,326 ", 10 , -   , -   , -   
0181.01,2018,1,3, 10 , 20 ," 1,709 ", 5 , 5 , -   , -   
0181.01,2018,3,2, 10 , 15 ," 1,545 ", -   , -   , 10 , -   
0181.01,2018,4,1, 15 , 20 , 919 , -   , 8 , 8 , -   
0181.01,2018,4,2, 10 , 10 ," 1,330 ", 5 , -   , -   , 5 
0181.01,2018,4,3, 80 , 238 ," 1,802 ", 43 , 11 , 27 , -   
0181.02,2018,1,1, 45 , 46 , 801 , 25 , -   , 10 , 10 
0181.02,2018,1,2, 70 , 117 , 974 , 14 , 23 , 23 , 9 
0181.02,2018,1,3, 30 , 101 ," 1,009 ", 15 , 15 , -   , -   
0181.02,2018,2,1, 10 , 17 ," 1,047 ", 3 , 3 , 3 , 1 
0181.02,2018,3,2, 25 , 51 , 916 , -   , 8 , 8 , 8 
0181.02,2018,3,3, 15 , 30 ," 1,150 ", 5 , 5 , 3 , 2 
0181.02,2018,4,1, 10 , 10 , 936 , -   , -   , -   , 10 
0181.02,2018,4,2, 20 , 36 ," 1,248 ", 10 , 10 , -   , -   
0181.02,2018,4,3, 60 , 188 ," 1,706 ", 10 , 30 , 20 , -   
0182.00,2018,1,2, 15 , 36 ," 1,255 ", -   , -   , 15 , -   
0182.00,2018,1,3, 10 , 25 ," 1,601 ", 3 , 4 , 2 , 1 
0182.00,2018,3,3, 10 , 20 ," 1,551 ", -   , -   , -   , 10 
0182.00,2018,4,1, 10 , 10 , 910 , -   , -   , 10 , -   
0182.00,2018,4,2, 35 , 56 ," 1,285 ", 10 , -   , 15 , 10 
0182.00,2018,4,3, 65 , 193 ," 1,650 ", 37 , 9 , 19 , -   
0183.00,2018,1,1, 50 , 66 , 944 , 11 , 17 , 11 , 11 
0183.00,2018,1,2, 84 , 142 ," 1,273 ", 9 , 9 , 31 , 35 
0183.00,2018,1,3, 26 , 15 ," 1,445 ", null , null , null , -   
0183.00,2018,3,2, 15 , 20 ," 1,104 ", 5 , -   , 5 , 5 
0183.00,2018,3,3, 10 , 41 ," 1,651 ", 10 , -   , -   , -   
0183.00,2018,4,2, 20 , 36 ," 1,611 ", -   , 8 , -   , 12 
0183.00,2018,4,3, 40 , 132 ," 1,870 ", 13 , -   , 18 , 9 
0184.00,2018,1,1, 90 , 112 , 842 , 24 , 9 , 42 , 15 
0184.00,2018,1,2, 235 , 417 ," 1,099 ", 15 , 50 , 65 , 105 
0184.00,2018,1,3, 15 , 51 , 941 , 4 , 7 , 3 , 1 
0184.00,2018,2,1, 10 , 17 , 858 , -   , -   , -   , 10 
0184.00,2018,2,2, 20 , 46 ," 1,149 ", -   , 10 , 10 , -   
0184.00,2018,2,3, 20 , 71 ," 1,416 ", -   , -   , 20 , -   
0184.00,2018,3,1, 10 , 10 , 850 , 10 , -   , -   , -   
0184.00,2018,3,2, 40 , 87 ," 1,082 ", -   , 10 , 10 , 20 
0184.00,2018,3,3, 10 , 10 , 782 , 10 , -   , -   , -   
0184.00,2018,4,1, 10 , 10 , 882 , 10 , -   , -   , -   
0184.00,2018,4,2, 10 , 25 ," 1,182 ", 10 , -   , -   , -   
0184.00,2018,4,3, 65 , 229 ," 1,803 ", -   , 37 , 28 , -   
0190.01,2018,1,1, 45 , 51 , 878 , 8 , 8 , 30 , -   
0190.01,2018,1,2, 15 , 20 , 978 , -   , -   , 15 , -   
0190.01,2018,2,2, 15 , 31 ," 1,441 ", -   , -   , 15 , -   
0190.01,2018,3,3, 20 , 31 , 802 , -   , 10 , 10 , -   
0190.01,2018,4,1, 10 , 10 ," 1,289 ", 10 , -   , -   , -   
0190.01,2018,4,2, 15 , 41 ," 1,291 ", -   , 8 , -   , 8 
0190.01,2018,4,3, 120 , 387 ," 1,727 ", 47 , 21 , 42 , 10 
0190.02,2018,1,2, 10 , 10 ," 1,491 ", 10 , -   , -   , -   
0190.02,2018,1,3, 10 , 28 ," 1,667 ", 3 , 4 , 2 , 1 
0190.02,2018,2,1, 10 , 10 ," 1,144 ", 5 , 5 , -   , -   
0190.02,2018,3,1, 15 , 15 , 987 , 8 , 8 , -   , -   
0190.02,2018,3,3, 20 , 46 ," 1,501 ", 5 , 5 , 5 , 5 
0190.02,2018,4,2, 20 , 51 ," 1,284 ", 20 , -   , -   , -   
0190.02,2018,4,3, 34 , 132 ," 2,105 ", 19 , 16 , -   , -   
0190.02,2018,5,2, 10 , 10 , 865 , -   , 3 , 4 , 2 
0191.01,2018,3,2, 10 , 10 ," 1,324 ", 4 , 3 , 1 , 2 
0191.01,2018,4,2, 30 , 46 ," 1,311 ", 12 , 18 , -   , -   
0191.01,2018,4,3, 29 , 102 ," 2,376 ", 18 , -   , -   , 12 
0191.02,2018,1,1, 35 , 36 , 749 , -   , -   , 35 , -   
0191.02,2018,1,2, 15 , 41 ," 1,191 ", -   , 8 , 8 , -   
0191.02,2018,2,2, 10 , 20 ," 1,141 ", -   , -   , 10 , -   
0191.02,2018,4,1, 15 , 20 , 802 , -   , 15 , -   , -   
0191.02,2018,4,2, 20 , 56 ," 1,388 ", 10 , 10 , -   , -   
0191.02,2018,4,3, 45 , 153 ," 1,700 ", 18 , 18 , 9 , -   
0191.02,2018,5,1, 10 , 10 , 721 , 10 , -   , -   , -   
0200.01,2018,1,3, 8 , 10 ," 1,558 ", 2 , 4 , 2 , 1 
0200.01,2018,4,1, 10 , 10 ," 1,145 ", 4 , 3 , 2 , 1 
0200.01,2018,4,2, 10 , 25 ," 1,522 ", 5 , -   , -   , 5 
0200.01,2018,4,3, 35 , 86 ," 1,832 ", 12 , 12 , 12 , -   
0200.02,2018,1,1, 31 , 25 , 942 , 15 , 15 , -   , 1 
0200.02,2018,1,2, -   , -   ," 1,168 ", null , null , null , -   
0200.02,2018,4,2, 45 , 96 ," 1,428 ", 12 , 16 , 8 , 8 
0200.02,2018,4,3, 99 , 284 ," 1,719 ", 55 , 35 , 10 , -   
0201.00,2018,1,1, 30 , 25 , 839 , 9 , 9 , 13 , -   
0201.00,2018,1,2, 10 , 15 , 942 , 2 , 4 , 2 , 1 
0201.00,2018,2,1, 10 , 10 , 911 , -   , -   , -   , 10 
0201.00,2018,2,2, 15 , 20 ," 1,188 ", 2 , 5 , 5 , 3 
0201.00,2018,2,3, 15 , 20 ," 1,180 ", -   , -   , -   , 15 
0201.00,2018,3,1, 15 , 20 ," 1,112 ", -   , 8 , -   , 8 
0201.00,2018,4,1, 10 , 10 ," 1,017 ", 4 , 3 , 2 , 1 
0201.00,2018,4,3, 42 , 111 ," 1,826 ", 18 , 18 , 9 , -   
0300.00,2018,1,1, 25 , 25 , 857 , -   , -   , 25 , -   
0300.00,2018,1,2, 15 , 15 ," 1,356 ", -   , 15 , -   , -   
0300.00,2018,2,1, 10 , 25 ," 1,140 ", -   , 5 , -   , 5 
0300.00,2018,2,2, 50 , 96 ," 1,638 ", -   , -   , -   , 50 
0300.00,2018,2,3, 110 , 279 ," 1,746 ", 9 , -   , 9 , 92 
0300.00,2018,3,3, 10 , 20 ," 1,504 ", 4 , 4 , 2 , 1 
0300.00,2018,4,1, 10 , 15 , 925 , 10 , -   , -   , -   
0300.00,2018,4,2, 45 , 76 ," 1,147 ", 14 , 14 , 9 , 9 
0300.00,2018,4,3, 100 , 273 ," 2,015 ", 40 , 35 , 15 , 10 
0301.00,2018,1,2, 15 , 30 ," 1,216 ", -   , 8 , 8 , -   
0301.00,2018,4,2, 20 , 41 ," 1,174 ", 20 , -   , -   , -   
0301.00,2018,4,3, 80 , 192 ," 1,597 ", 29 , 29 , 21 , -   
0302.00,2018,1,2, 10 , 10 ," 1,322 ", 2 , 4 , 2 , 1 
0302.00,2018,2,2, 10 , 15 ," 1,473 ", -   , -   , 10 , -   
0302.00,2018,4,1, 19 , 20 , 948 , 9 , 5 , 4 , 2 
0302.00,2018,4,2, 47 , 101 ," 1,266 ", 18 , 22 , 9 , -   
0302.00,2018,4,3, 104 , 294 ," 1,766 ", 30 , 35 , 25 , 20 
0400.00,2018,1,1, 115 , 163 , 892 , 50 , 40 , 25 , -   
0400.00,2018,1,2, 170 , 265 ," 1,180 ", 53 , 44 , 53 , 19 
0400.00,2018,1,3, 30 , 82 ," 1,277 ", 9 , 9 , -   , 13 
0400.00,2018,2,2, 15 , 15 ," 1,141 ", -   , -   , 15 , -   
0400.00,2018,2,3, 55 , 184 ," 1,441 ", 9 , 14 , 23 , 9 
0400.00,2018,3,1, 15 , 15 , 792 , 8 , 8 , -   , -   
0400.00,2018,3,2, 25 , 36 ," 1,017 ", 11 , 7 , 7 , -   
0400.00,2018,3,3, 50 , 133 ," 1,340 ", 25 , 17 , 8 , -   
0400.00,2018,4,1, 13 , 20 ," 1,077 ", 8 , 8 , -   , -   
0400.00,2018,4,2, 95 , 184 ," 1,321 ", 34 , 34 , 28 , -   
0400.00,2018,4,3, 209 , 617 ," 1,691 ", 105 , 43 , 43 , 19 
0400.00,2018,5,2, 10 , 15 , 979 , -   , 3 , 4 , 2 
